"Point","X","Y","Z"
"0","-162.1236","0","0"
"1","-161.9412","-0.4665","0"
"2","-161.7588","-0.9331","0"
"3","-161.5764","-1.3996","0"
"4","-161.394","-1.8662","0"
"5","-161.2117","-2.3327","0"
"6","-161.0293","-2.7993","0"
"7","-160.8469","-3.2658","0"
"8","-160.6645","-3.7324","0"
"9","-160.4821","-4.1989","0"
"10","-160.2997","-4.6655","0"
"11","-160.1173","-5.132","0"
"12","-159.9349","-5.5986","0"
"13","-159.7525","-6.0651","0"
"14","-159.5701","-6.5317","0"
"15","-159.3878","-6.9982","0"
"16","-159.2054","-7.4648","0"
"17","-159.023","-7.9313","0"
"18","-158.8406","-8.3979","0"
"19","-158.6582","-8.8644","0"
"20","-158.4758","-9.331","0"
"21","-158.2934","-9.7975","0"
"22","-158.111","-10.264","0"
"23","-157.9286","-10.7306","0"
"24","-157.7462","-11.1971","0"
"25","-157.5639","-11.6637","0"
"26","-157.3815","-12.1302","0"
"27","-157.1991","-12.5968","0"
"28","-157.0167","-13.0633","0"
"29","-156.8343","-13.5299","0"
"30","-156.6519","-13.9964","0"
"31","-156.4695","-14.463","0"
"32","-156.2871","-14.9295","0"
"33","-156.1047","-15.3961","0"
"34","-155.9223","-15.8626","0"
"35","-155.74","-16.3292","0"
"36","-155.5576","-16.7957","0"
"37","-155.3752","-17.2623","0"
"38","-155.1928","-17.7288","0"
"39","-155.0104","-18.1954","0"
"40","-154.828","-18.6619","0"
"41","-154.6456","-19.1285","0"
"42","-154.4632","-19.595","0"
"43","-154.2808","-20.0615","0"
"44","-154.0985","-20.5281","0"
"45","-153.9161","-20.9946","0"
"46","-153.7337","-21.4612","0"
"47","-153.5513","-21.9277","0"
"48","-153.3689","-22.3943","0"
"49","-153.1865","-22.8608","0"
"50","-153.0041","-23.3274","0"
"51","-152.8217","-23.7939","0"
"52","-152.6393","-24.2605","0"
"53","-152.4569","-24.727","0"
"54","-152.2746","-25.1936","0"
"55","-152.0922","-25.6601","0"
"56","-151.9098","-26.1267","0"
"57","-151.7274","-26.5932","0"
"58","-151.545","-27.0598","0"
"59","-151.3626","-27.5263","0"
"60","-151.1802","-27.9929","0"
"61","-150.9978","-28.4594","0"
"62","-150.8154","-28.926","0"
"63","-150.633","-29.3925","0"
"64","-150.4507","-29.859","0"
"65","-150.2683","-30.3256","0"
"66","-150.0859","-30.7921","0"
"67","-149.9035","-31.2587","0"
"68","-149.7211","-31.7252","0"
"69","-149.5387","-32.1918","0"
"70","-149.3563","-32.6583","0"
"71","-149.1739","-33.1249","0"
"72","-148.9915","-33.5914","0"
"73","-148.8092","-34.058","0"
"74","-148.6268","-34.5245","0"
"75","-148.4444","-34.9911","0"
"76","-148.262","-35.4576","0"
"77","-148.0796","-35.9242","0"
"78","-147.8972","-36.3907","0"
"79","-147.7148","-36.8573","0"
"80","-147.5324","-37.3238","0"
"81","-147.35","-37.7904","0"
"82","-147.1676","-38.2569","0"
"83","-146.9853","-38.7234","0"
"84","-146.8029","-39.19","0"
"85","-146.6205","-39.6565","0"
"86","-146.4381","-40.1231","0"
"87","-146.2557","-40.5896","0"
"88","-146.0733","-41.0562","0"
"89","-145.8909","-41.5227","0"
"90","-145.7085","-41.9893","0"
"91","-145.5261","-42.4558","0"
"92","-145.3437","-42.9224","0"
"93","-145.1614","-43.3889","0"
"94","-144.979","-43.8555","0"
"95","-144.7966","-44.322","0"
"96","-144.6142","-44.7886","0"
"97","-144.4318","-45.2551","0"
"98","-144.2494","-45.7217","0"
"99","-144.067","-46.1882","0"
"100","-143.8846","-46.6548","0"
"101","-143.7022","-47.1213","0"
"102","-143.5198","-47.5879","0"
"103","-143.3375","-48.0544","0"
"104","-143.1551","-48.5209","0"
"105","-142.9727","-48.9875","0"
"106","-142.7903","-49.454","0"
"107","-142.6079","-49.9206","0"
"108","-142.4255","-50.3871","0"
"109","-142.2431","-50.8537","0"
"110","-142.0607","-51.3202","0"
"111","-141.8783","-51.7868","0"
"112","-141.696","-52.2533","0"
"113","-141.5136","-52.7199","0"
"114","-141.3312","-53.1864","0"
"115","-141.1488","-53.653","0"
"116","-140.9664","-54.1195","0"
"117","-140.784","-54.5861","0"
"118","-140.6016","-55.0526","0"
"119","-140.4192","-55.5192","0"
"120","-140.2368","-55.9857","0"
"121","-140.0544","-56.4523","0"
"122","-139.8721","-56.9188","0"
"123","-139.5054","-57.1154","0"
"124","-139.0044","-57.1154","0"
"125","-138.811","-56.6656","0"
"126","-138.6292","-56.1988","0"
"127","-138.4474","-55.7321","0"
"128","-138.2655","-55.2653","0"
"129","-138.0837","-54.7985","0"
"130","-137.9019","-54.3317","0"
"131","-137.7201","-53.865","0"
"132","-137.5383","-53.3982","0"
"133","-137.3565","-52.9314","0"
"134","-137.1747","-52.4647","0"
"135","-136.9928","-51.9979","0"
"136","-136.811","-51.5311","0"
"137","-136.6292","-51.0643","0"
"138","-136.4474","-50.5976","0"
"139","-136.2656","-50.1308","0"
"140","-136.0838","-49.664","0"
"141","-135.9019","-49.1973","0"
"142","-135.7201","-48.7305","0"
"143","-135.5383","-48.2637","0"
"144","-135.3565","-47.7969","0"
"145","-135.1747","-47.3302","0"
"146","-134.9929","-46.8634","0"
"147","-134.811","-46.3966","0"
"148","-134.6292","-45.9299","0"
"149","-134.4474","-45.4631","0"
"150","-134.2656","-44.9963","0"
"151","-134.0838","-44.5295","0"
"152","-133.902","-44.0628","0"
"153","-133.7201","-43.596","0"
"154","-133.5383","-43.1292","0"
"155","-133.3565","-42.6625","0"
"156","-133.1747","-42.1957","0"
"157","-132.9929","-41.7289","0"
"158","-132.8111","-41.2621","0"
"159","-132.6293","-40.7954","0"
"160","-132.4474","-40.3286","0"
"161","-132.2656","-39.8618","0"
"162","-132.0838","-39.3951","0"
"163","-131.902","-38.9283","0"
"164","-131.7202","-38.4615","0"
"165","-131.5384","-37.9947","0"
"166","-131.3565","-37.528","0"
"167","-131.1747","-37.0612","0"
"168","-130.9929","-36.5944","0"
"169","-130.8111","-36.1277","0"
"170","-130.6293","-35.6609","0"
"171","-130.4475","-35.1941","0"
"172","-130.2656","-34.7273","0"
"173","-130.0838","-34.2606","0"
"174","-129.902","-33.7938","0"
"175","-129.7202","-33.327","0"
"176","-129.5384","-32.8603","0"
"177","-129.3566","-32.3935","0"
"178","-129.1747","-31.9267","0"
"179","-128.9929","-31.4599","0"
"180","-128.8111","-30.9932","0"
"181","-128.6293","-30.5264","0"
"182","-128.4475","-30.0596","0"
"183","-128.2657","-29.5929","0"
"184","-128.0838","-29.1261","0"
"185","-127.902","-28.6593","0"
"186","-127.7202","-28.1925","0"
"187","-127.5384","-27.7258","0"
"188","-127.3566","-27.259","0"
"189","-127.1748","-26.7922","0"
"190","-126.993","-26.3255","0"
"191","-126.8111","-25.8587","0"
"192","-126.6293","-25.3919","0"
"193","-126.4475","-24.9251","0"
"194","-126.2657","-24.4584","0"
"195","-126.0839","-23.9916","0"
"196","-125.9021","-23.5248","0"
"197","-125.7202","-23.0581","0"
"198","-125.5384","-22.5913","0"
"199","-125.3566","-22.1245","0"
"200","-125.1748","-21.6577","0"
"201","-124.993","-21.191","0"
"202","-124.8112","-20.7242","0"
"203","-124.6293","-20.2574","0"
"204","-124.4475","-19.7907","0"
"205","-124.2657","-19.3239","0"
"206","-124.0839","-18.8571","0"
"207","-123.9021","-18.3903","0"
"208","-123.7203","-17.9236","0"
"209","-123.5384","-17.4568","0"
"210","-123.3566","-16.99","0"
"211","-123.1748","-16.5233","0"
"212","-122.993","-16.0565","0"
"213","-122.8112","-15.5897","0"
"214","-122.6294","-15.1229","0"
"215","-122.4476","-14.6562","0"
"216","-122.2657","-14.1894","0"
"217","-122.0839","-13.7226","0"
"218","-121.9021","-13.2559","0"
"219","-121.7203","-12.7891","0"
"220","-121.5385","-12.3223","0"
"221","-121.3567","-11.8555","0"
"222","-121.1748","-11.3888","0"
"223","-120.993","-10.922","0"
"224","-120.8112","-10.4552","0"
"225","-120.6294","-9.9885","0"
"226","-120.4476","-9.5217","0"
"227","-120.2658","-9.0549","0"
"228","-120.0839","-8.5881","0"
"229","-119.9021","-8.1214","0"
"230","-119.7203","-7.6546","0"
"231","-119.5385","-7.1878","0"
"232","-119.3567","-6.7211","0"
"233","-119.1749","-6.2543","0"
"234","-118.993","-5.7875","0"
"235","-118.8112","-5.3207","0"
"236","-118.6294","-4.854","0"
"237","-118.4476","-4.3872","0"
"238","-118.2658","-3.9204","0"
"239","-118.084","-3.4537","0"
"240","-117.9021","-2.9869","0"
"241","-117.7203","-2.5201","0"
"242","-117.5385","-2.0533","0"
"243","-117.3567","-1.5866","0"
"244","-117.1749","-1.1198","0"
"245","-116.9931","-0.653","0"
"246","-116.8113","-0.1863","0"
"247","-162.1236","0","0"
"248","-80.9809","0","0"
"249","-80.9809","-0.5012","0"
"250","-80.9809","-1.0024","0"
"251","-80.9809","-1.5036","0"
"252","-80.9809","-2.0047","0"
"253","-80.9809","-2.5059","0"
"254","-80.9809","-3.0071","0"
"255","-80.9809","-3.5083","0"
"256","-80.9809","-4.0095","0"
"257","-80.9809","-4.5107","0"
"258","-80.9809","-5.0119","0"
"259","-80.9809","-5.5131","0"
"260","-80.9809","-6.0142","0"
"261","-80.9809","-6.5154","0"
"262","-80.9809","-7.0166","0"
"263","-80.9809","-7.5178","0"
"264","-80.9809","-8.019","0"
"265","-80.9809","-8.5202","0"
"266","-80.9809","-9.0214","0"
"267","-80.9809","-9.5225","0"
"268","-80.9809","-10.0237","0"
"269","-80.9809","-10.5249","0"
"270","-80.9809","-11.0261","0"
"271","-80.9809","-11.5273","0"
"272","-80.9809","-12.0285","0"
"273","-80.9809","-12.5297","0"
"274","-80.9809","-13.0309","0"
"275","-80.9809","-13.532","0"
"276","-80.9809","-14.0332","0"
"277","-80.9809","-14.5344","0"
"278","-80.9809","-15.0356","0"
"279","-80.9809","-15.5368","0"
"280","-80.9809","-16.038","0"
"281","-80.9809","-16.5392","0"
"282","-80.9809","-17.0403","0"
"283","-80.9809","-17.5415","0"
"284","-80.9809","-18.0427","0"
"285","-80.9809","-18.5439","0"
"286","-80.9809","-19.0451","0"
"287","-80.9809","-19.5463","0"
"288","-80.9809","-20.0475","0"
"289","-80.9809","-20.5486","0"
"290","-80.9809","-21.0498","0"
"291","-80.9809","-21.551","0"
"292","-80.9809","-22.0522","0"
"293","-80.9972","-22.5531","0"
"294","-81.0183","-23.0538","0"
"295","-81.0394","-23.5545","0"
"296","-81.0605","-24.0553","0"
"297","-81.0816","-24.556","0"
"298","-81.1027","-25.0568","0"
"299","-81.1428","-25.5558","0"
"300","-81.2106","-26.0524","0"
"301","-81.2785","-26.549","0"
"302","-81.3464","-27.0455","0"
"303","-81.4143","-27.5421","0"
"304","-81.4935","-28.0365","0"
"305","-81.6085","-28.5244","0"
"306","-81.7234","-29.0122","0"
"307","-81.8384","-29.5","0"
"308","-81.9779","-29.9809","0"
"309","-82.1367","-30.4562","0"
"310","-82.2954","-30.9316","0"
"311","-82.4815","-31.3964","0"
"312","-82.6847","-31.8545","0"
"313","-82.8879","-32.3127","0"
"314","-83.1277","-32.7524","0"
"315","-83.3744","-33.1887","0"
"316","-83.6418","-33.6122","0"
"317","-83.9311","-34.0211","0"
"318","-84.2389","-34.4166","0"
"319","-84.5706","-34.7917","0"
"320","-84.9138","-35.157","0"
"321","-85.2791","-35.4992","0"
"322","-85.6582","-35.827","0"
"323","-86.0551","-36.1319","0"
"324","-86.466","-36.4189","0"
"325","-86.89","-36.685","0"
"326","-87.3276","-36.9293","0"
"327","-87.7734","-37.1572","0"
"328","-88.2324","-37.3583","0"
"329","-88.6952","-37.5497","0"
"330","-89.1719","-37.7044","0"
"331","-89.6486","-37.8592","0"
"332","-90.1318","-37.9899","0"
"333","-90.6214","-38.0969","0"
"334","-91.1111","-38.2038","0"
"335","-91.6057","-38.282","0"
"336","-92.1029","-38.3452","0"
"337","-92.6001","-38.4084","0"
"338","-93.0996","-38.4441","0"
"339","-93.6003","-38.4648","0"
"340","-94.1011","-38.4856","0"
"341","-94.6018","-38.5063","0"
"342","-95.1025","-38.487","0"
"343","-95.6031","-38.4632","0"
"344","-96.1037","-38.4393","0"
"345","-96.6043","-38.4155","0"
"346","-97.1025","-38.3666","0"
"347","-97.5983","-38.2936","0"
"348","-98.0942","-38.2206","0"
"349","-98.59","-38.1476","0"
"350","-99.0775","-38.0321","0"
"351","-99.5642","-37.9122","0"
"352","-100.0508","-37.7923","0"
"353","-100.5242","-37.6281","0"
"354","-100.9971","-37.462","0"
"355","-101.4677","-37.2905","0"
"356","-101.923","-37.0808","0"
"357","-102.3782","-36.8711","0"
"358","-102.8165","-36.6286","0"
"359","-103.2512","-36.3792","0"
"360","-103.672","-36.1079","0"
"361","-104.0821","-35.8198","0"
"362","-104.484","-35.521","0"
"363","-104.8687","-35.1998","0"
"364","-105.2403","-34.864","0"
"365","-105.6004","-34.5154","0"
"366","-105.9386","-34.146","0"
"367","-106.2689","-33.769","0"
"368","-106.5822","-33.3785","0"
"369","-106.8768","-32.973","0"
"370","-107.1634","-32.5623","0"
"371","-107.4205","-32.1321","0"
"372","-107.6776","-31.7018","0"
"373","-107.8956","-31.2507","0"
"374","-108.1104","-30.7979","0"
"375","-108.3197","-30.3428","0"
"376","-108.4887","-29.871","0"
"377","-108.6577","-29.3991","0"
"378","-108.8169","-28.9243","0"
"379","-108.9418","-28.4389","0"
"380","-109.0667","-27.9535","0"
"381","-109.1824","-27.4662","0"
"382","-109.2626","-26.9715","0"
"383","-109.3427","-26.4768","0"
"384","-109.4229","-25.982","0"
"385","-109.484","-25.4849","0"
"386","-109.5263","-24.9856","0"
"387","-109.5687","-24.4862","0"
"388","-109.5901","-23.9856","0"
"389","-109.6036","-23.4846","0"
"390","-109.6171","-22.9836","0"
"391","-109.6195","-22.4824","0"
"392","-109.6195","-21.9812","0"
"393","-109.6195","-21.4801","0"
"394","-109.6195","-20.9789","0"
"395","-109.6195","-20.4777","0"
"396","-109.6195","-19.9765","0"
"397","-109.6195","-19.4753","0"
"398","-109.6195","-18.9741","0"
"399","-109.6195","-18.4729","0"
"400","-109.6195","-17.9718","0"
"401","-109.6195","-17.4706","0"
"402","-109.6195","-16.9694","0"
"403","-109.6195","-16.4682","0"
"404","-109.6195","-15.967","0"
"405","-109.6195","-15.4658","0"
"406","-109.6195","-14.9646","0"
"407","-109.6195","-14.4634","0"
"408","-109.6195","-13.9623","0"
"409","-109.6195","-13.4611","0"
"410","-109.6195","-12.9599","0"
"411","-109.6195","-12.4587","0"
"412","-109.6195","-11.9575","0"
"413","-109.6195","-11.4563","0"
"414","-109.6195","-10.9551","0"
"415","-109.6195","-10.454","0"
"416","-109.6195","-9.9528","0"
"417","-109.6195","-9.4516","0"
"418","-109.6195","-8.9504","0"
"419","-109.6195","-8.4492","0"
"420","-109.6195","-7.948","0"
"421","-109.6195","-7.4468","0"
"422","-109.6195","-6.9456","0"
"423","-109.6195","-6.4445","0"
"424","-109.6195","-5.9433","0"
"425","-109.6195","-5.4421","0"
"426","-109.6195","-4.9409","0"
"427","-109.6195","-4.4397","0"
"428","-109.6195","-3.9385","0"
"429","-109.6195","-3.4373","0"
"430","-109.6195","-2.9362","0"
"431","-109.6195","-2.435","0"
"432","-109.6195","-1.9338","0"
"433","-109.6195","-1.4326","0"
"434","-109.6195","-0.9314","0"
"435","-109.6195","-0.4302","0"
"436","-109.5485","0","0"
"437","-80.9809","0","0"
"438","-28.7195","-23.8884","0"
"439","-28.7403","-24.3888","0"
"440","-28.7611","-24.8892","0"
"441","-28.7819","-25.3897","0"
"442","-28.8027","-25.8901","0"
"443","-28.8493","-26.3883","0"
"444","-28.9157","-26.8847","0"
"445","-28.982","-27.3812","0"
"446","-29.0517","-27.877","0"
"447","-29.164","-28.3651","0"
"448","-29.2762","-28.8532","0"
"449","-29.4023","-29.3375","0"
"450","-29.5605","-29.8127","0"
"451","-29.7187","-30.2879","0"
"452","-29.9089","-30.7507","0"
"453","-30.1141","-31.2076","0"
"454","-30.3263","-31.6609","0"
"455","-30.5765","-32.0948","0"
"456","-30.8268","-32.5286","0"
"457","-31.1021","-32.9465","0"
"458","-31.3897","-33.3565","0"
"459","-31.6963","-33.7521","0"
"460","-32.016","-34.1377","0"
"461","-32.3373","-34.5218","0"
"462","-32.689","-34.8784","0"
"463","-33.0406","-35.235","0"
"464","-33.4216","-35.5599","0"
"465","-33.8052","-35.882","0"
"466","-34.212","-36.1736","0"
"467","-34.6244","-36.4578","0"
"468","-35.054","-36.7144","0"
"469","-35.4913","-36.9586","0"
"470","-35.94","-37.1799","0"
"471","-36.3979","-37.383","0"
"472","-36.8625","-37.5686","0"
"473","-37.3378","-37.7266","0"
"474","-37.813","-37.8847","0"
"475","-38.2977","-38.0089","0"
"476","-38.7862","-38.1194","0"
"477","-39.2747","-38.23","0"
"478","-39.7707","-38.2991","0"
"479","-40.2672","-38.365","0"
"480","-40.7637","-38.4303","0"
"481","-41.2641","-38.4521","0"
"482","-41.7645","-38.474","0"
"483","-42.2649","-38.4958","0"
"484","-42.7653","-38.4992","0"
"485","-43.2657","-38.4774","0"
"486","-43.7661","-38.4556","0"
"487","-44.2664","-38.4335","0"
"488","-44.7624","-38.3641","0"
"489","-45.2585","-38.2947","0"
"490","-45.7545","-38.2253","0"
"491","-46.2433","-38.1179","0"
"492","-46.73","-37.9999","0"
"493","-47.2146","-37.8746","0"
"494","-47.6873","-37.7089","0"
"495","-48.16","-37.5432","0"
"496","-48.6213","-37.3495","0"
"497","-49.0757","-37.1388","0"
"498","-49.518","-36.9051","0"
"499","-49.9511","-36.6535","0"
"500","-50.3705","-36.3807","0"
"501","-50.7781","-36.0896","0"
"502","-51.1718","-35.7807","0"
"503","-51.5532","-35.456","0"
"504","-51.9083","-35.103","0"
"505","-52.2609","-34.7474","0"
"506","-52.5834","-34.3644","0"
"507","-52.9019","-33.9778","0"
"508","-53.1901","-33.5685","0"
"509","-53.4722","-33.1547","0"
"510","-53.7228","-32.7215","0"
"511","-53.9634","-32.2822","0"
"512","-54.194","-31.8381","0"
"513","-54.3893","-31.3769","0"
"514","-54.5847","-30.9157","0"
"515","-54.7535","-30.4447","0"
"516","-54.9049","-29.9673","0"
"517","-55.0563","-29.4899","0"
"518","-55.1683","-29.0019","0"
"519","-55.2749","-28.5125","0"
"520","-55.3815","-28.0231","0"
"521","-55.4643","-27.5297","0"
"522","-55.5267","-27.0327","0"
"523","-55.5892","-26.5358","0"
"524","-55.6516","-26.0388","0"
"525","-55.6722","-25.5384","0"
"526","-55.6925","-25.0379","0"
"527","-55.7128","-24.5375","0"
"528","-55.7331","-24.037","0"
"529","-55.7401","-23.5363","0"
"530","-55.7401","-23.0355","0"
"531","-55.7401","-22.5346","0"
"532","-55.7401","-22.0337","0"
"533","-55.7401","-21.5329","0"
"534","-55.7401","-21.032","0"
"535","-55.7401","-20.5311","0"
"536","-55.7401","-20.0303","0"
"537","-55.7401","-19.5294","0"
"538","-55.7401","-19.0286","0"
"539","-55.7401","-18.5277","0"
"540","-55.7401","-18.0268","0"
"541","-55.7401","-17.526","0"
"542","-55.7401","-17.0251","0"
"543","-55.7401","-16.5243","0"
"544","-55.7401","-16.0234","0"
"545","-55.7401","-15.5225","0"
"546","-55.7401","-15.0217","0"
"547","-55.7401","-14.5208","0"
"548","-55.7401","-14.02","0"
"549","-55.7401","-13.5191","0"
"550","-55.7401","-13.0182","0"
"551","-55.7401","-12.5174","0"
"552","-55.7401","-12.0165","0"
"553","-55.7401","-11.5156","0"
"554","-55.7401","-11.0148","0"
"555","-55.7401","-10.5139","0"
"556","-55.7401","-10.0131","0"
"557","-55.7401","-9.5122","0"
"558","-55.7401","-9.0113","0"
"559","-55.7401","-8.5105","0"
"560","-55.7401","-8.0096","0"
"561","-55.7401","-7.5088","0"
"562","-55.7401","-7.0079","0"
"563","-55.7401","-6.507","0"
"564","-55.7401","-6.0062","0"
"565","-55.7401","-5.5053","0"
"566","-55.7401","-5.0045","0"
"567","-55.7401","-4.5036","0"
"568","-55.7401","-4.0027","0"
"569","-55.7401","-3.5019","0"
"570","-55.7401","-3.001","0"
"571","-55.7401","-2.5001","0"
"572","-55.7401","-1.9993","0"
"573","-55.7401","-1.4984","0"
"574","-55.7401","-0.9976","0"
"575","-55.7401","-0.4967","0"
"576","-55.737","-0.0028","0"
"577","-28.7195","-23.8884","0"
"578","-1.6954","0","0"
"579","-1.6954","-0.5019","0"
"580","-1.6954","-1.0037","0"
"581","-1.6954","-1.5056","0"
"582","-1.6954","-2.0075","0"
"583","-1.6954","-2.5093","0"
"584","-1.6954","-3.0112","0"
"585","-1.6954","-3.5131","0"
"586","-1.6954","-4.0149","0"
"587","-1.6954","-4.5168","0"
"588","-1.6954","-5.0187","0"
"589","-1.6954","-5.5205","0"
"590","-1.6954","-6.0224","0"
"591","-1.6954","-6.5243","0"
"592","-1.6954","-7.0262","0"
"593","-1.6954","-7.528","0"
"594","-1.6954","-8.0299","0"
"595","-1.6954","-8.5318","0"
"596","-1.6954","-9.0336","0"
"597","-1.6954","-9.5355","0"
"598","-1.6954","-10.0374","0"
"599","-1.6954","-10.5392","0"
"600","-1.6954","-11.0411","0"
"601","-1.6954","-11.543","0"
"602","-1.6954","-12.0448","0"
"603","-1.6954","-12.5467","0"
"604","-1.6954","-13.0486","0"
"605","-1.6954","-13.5504","0"
"606","-1.6954","-14.0523","0"
"607","-1.6954","-14.5542","0"
"608","-1.6954","-15.056","0"
"609","-1.6954","-15.5579","0"
"610","-1.6954","-16.0598","0"
"611","-1.6954","-16.5616","0"
"612","-1.6954","-17.0635","0"
"613","-1.6954","-17.5654","0"
"614","-1.6954","-18.0672","0"
"615","-1.6954","-18.5691","0"
"616","-1.6954","-19.071","0"
"617","-1.6954","-19.5728","0"
"618","-1.6954","-20.0747","0"
"619","-1.6954","-20.5766","0"
"620","-1.6954","-21.0785","0"
"621","-1.6954","-21.5803","0"
"622","-1.6954","-22.0822","0"
"623","-1.6954","-22.5841","0"
"624","-1.6954","-23.0859","0"
"625","-1.7163","-23.5873","0"
"626","-1.7395","-24.0886","0"
"627","-1.7628","-24.59","0"
"628","-1.7861","-25.0913","0"
"629","-1.8093","-25.5926","0"
"630","-1.8733","-26.09","0"
"631","-1.9458","-26.5867","0"
"632","-2.0182","-27.0833","0"
"633","-2.0906","-27.5799","0"
"634","-2.1948","-28.0703","0"
"635","-2.3162","-28.5572","0"
"636","-2.4376","-29.0442","0"
"637","-2.5685","-29.5283","0"
"638","-2.7361","-30.0013","0"
"639","-2.9037","-30.4744","0"
"640","-3.0887","-30.9403","0"
"641","-3.3011","-31.395","0"
"642","-3.5134","-31.8498","0"
"643","-3.7538","-32.2898","0"
"644","-4.0078","-32.7226","0"
"645","-4.2776","-33.1454","0"
"646","-4.5653","-33.5566","0"
"647","-4.8766","-33.9498","0"
"648","-5.1969","-34.3361","0"
"649","-5.5364","-34.7051","0"
"650","-5.8906","-35.0606","0"
"651","-6.2582","-35.4015","0"
"652","-6.644","-35.7225","0"
"653","-7.0384","-36.0321","0"
"654","-7.4525","-36.3155","0"
"655","-7.8713","-36.5915","0"
"656","-8.3101","-36.8352","0"
"657","-8.7499","-37.0768","0"
"658","-9.2089","-37.2795","0"
"659","-9.668","-37.4822","0"
"660","-10.1423","-37.6456","0"
"661","-10.6187","-37.8035","0"
"662","-11.0977","-37.952","0"
"663","-11.5872","-38.0626","0"
"664","-12.0768","-38.1731","0"
"665","-12.5696","-38.2651","0"
"666","-13.0671","-38.3311","0"
"667","-13.5646","-38.3972","0"
"668","-14.0641","-38.4409","0"
"669","-14.5655","-38.4628","0"
"670","-15.0669","-38.4847","0"
"671","-15.5683","-38.5066","0"
"672","-16.0697","-38.4881","0"
"673","-16.571","-38.466","0"
"674","-17.0724","-38.4439","0"
"675","-17.5714","-38.3954","0"
"676","-18.0683","-38.3251","0"
"677","-18.5652","-38.2548","0"
"678","-19.0586","-38.1665","0"
"679","-19.5461","-38.0472","0"
"680","-20.0336","-37.9278","0"
"681","-20.5101","-37.7717","0"
"682","-20.9832","-37.6043","0"
"683","-21.4516","-37.4253","0"
"684","-21.9063","-37.2129","0"
"685","-22.3563","-36.9915","0"
"686","-22.7896","-36.7383","0"
"687","-23.2176","-36.4769","0"
"688","-23.6254","-36.1844","0"
"689","-24.0278","-35.8849","0"
"690","-24.4094","-35.559","0"
"691","-24.774","-35.2147","0"
"692","-25.1272","-34.8581","0"
"693","-25.4608","-34.4839","0"
"694","-25.78","-34.0966","0"
"695","-26.0799","-33.6949","0"
"696","-26.3625","-33.2802","0"
"697","-26.6262","-32.8538","0"
"698","-26.8673","-32.4137","0"
"699","-27.1085","-31.9735","0"
"700","-27.3076","-31.513","0"
"701","-27.5033","-31.0509","0"
"702","-27.6853","-30.5837","0"
"703","-27.837","-30.1053","0"
"704","-27.9887","-29.627","0"
"705","-28.1138","-29.1415","0"
"706","-28.2206","-28.6511","0"
"707","-28.3274","-28.1607","0"
"708","-28.4227","-27.6684","0"
"709","-28.4853","-27.1704","0"
"710","-28.5479","-26.6725","0"
"711","-28.6104","-26.1745","0"
"712","-28.6426","-25.674","0"
"713","-28.663","-25.1726","0"
"714","-28.6833","-24.6711","0"
"715","-28.7037","-24.1697","0"
"716","-28.716","-23.6681","0"
"717","-28.716","-23.1662","0"
"718","-28.716","-22.6643","0"
"719","-28.716","-22.1625","0"
"720","-28.716","-21.6606","0"
"721","-28.716","-21.1587","0"
"722","-28.716","-20.6569","0"
"723","-28.716","-20.155","0"
"724","-28.716","-19.6531","0"
"725","-28.716","-19.1512","0"
"726","-28.716","-18.6494","0"
"727","-28.716","-18.1475","0"
"728","-28.716","-17.6456","0"
"729","-28.716","-17.1438","0"
"730","-28.716","-16.6419","0"
"731","-28.716","-16.14","0"
"732","-28.716","-15.6382","0"
"733","-28.716","-15.1363","0"
"734","-28.716","-14.6344","0"
"735","-28.716","-14.1326","0"
"736","-28.716","-13.6307","0"
"737","-28.716","-13.1288","0"
"738","-28.716","-12.627","0"
"739","-28.716","-12.1251","0"
"740","-28.716","-11.6232","0"
"741","-28.716","-11.1214","0"
"742","-28.716","-10.6195","0"
"743","-28.716","-10.1176","0"
"744","-28.716","-9.6158","0"
"745","-28.716","-9.1139","0"
"746","-28.716","-8.612","0"
"747","-28.716","-8.1102","0"
"748","-28.716","-7.6083","0"
"749","-28.716","-7.1064","0"
"750","-28.716","-6.6046","0"
"751","-28.716","-6.1027","0"
"752","-28.716","-5.6008","0"
"753","-28.716","-5.0989","0"
"754","-28.716","-4.5971","0"
"755","-28.716","-4.0952","0"
"756","-28.716","-3.5933","0"
"757","-28.716","-3.0915","0"
"758","-28.716","-2.5896","0"
"759","-28.716","-2.0877","0"
"760","-28.716","-1.5859","0"
"761","-28.716","-1.084","0"
"762","-28.716","-0.5821","0"
"763","-28.716","-0.0803","0"
"764","-1.6954","0","0"
"765","10.7597","-26.8588","0"
"766","10.7817","-27.3584","0"
"767","10.8037","-27.8581","0"
"768","10.8408","-28.3563","0"
"769","10.9083","-28.8519","0"
"770","10.9758","-29.3474","0"
"771","11.0768","-29.8368","0"
"772","11.1907","-30.3237","0"
"773","11.3105","-30.8091","0"
"774","11.4645","-31.2849","0"
"775","11.6282","-31.7571","0"
"776","11.8171","-32.2202","0"
"777","12.0126","-32.6802","0"
"778","12.2393","-33.126","0"
"779","12.4749","-33.5667","0"
"780","12.7442","-33.9881","0"
"781","13.0249","-34.4014","0"
"782","13.335","-34.7938","0"
"783","13.659","-35.1739","0"
"784","14.0071","-35.533","0"
"785","14.3703","-35.8759","0"
"786","14.7524","-36.1987","0"
"787","15.149","-36.5024","0"
"788","15.5602","-36.787","0"
"789","15.9813","-37.0561","0"
"790","16.4162","-37.3028","0"
"791","16.8617","-37.5298","0"
"792","17.3202","-37.7295","0"
"793","17.7787","-37.9292","0"
"794","18.2493","-38.0969","0"
"795","18.7248","-38.252","0"
"796","19.2002","-38.4071","0"
"797","19.6862","-38.5239","0"
"798","20.1743","-38.6329","0"
"799","20.6624","-38.7419","0"
"800","21.1538","-38.8316","0"
"801","21.6499","-38.895","0"
"802","22.146","-38.9584","0"
"803","22.6421","-39.0218","0"
"804","23.1396","-39.068","0"
"805","23.6393","-39.0881","0"
"806","24.139","-39.1081","0"
"807","24.6387","-39.1282","0"
"808","25.1384","-39.1482","0"
"809","25.6381","-39.1421","0"
"810","26.1378","-39.1209","0"
"811","26.6374","-39.0996","0"
"812","27.1371","-39.0784","0"
"813","27.6367","-39.0571","0"
"814","28.1333","-39.0001","0"
"815","28.6291","-38.9346","0"
"816","29.1249","-38.8692","0"
"817","29.6199","-38.7988","0"
"818","30.1079","-38.6894","0"
"819","30.5959","-38.58","0"
"820","31.0838","-38.4703","0"
"821","31.5598","-38.3171","0"
"822","32.0359","-38.1639","0"
"823","32.5066","-37.9961","0"
"824","32.9696","-37.8068","0"
"825","33.4204","-37.5908","0"
"826","33.8685","-37.3687","0"
"827","34.2972","-37.1111","0"
"828","34.7258","-36.8536","0"
"829","35.1308","-36.5602","0"
"830","35.5348","-36.2654","0"
"831","35.912","-35.9372","0"
"832","36.2873","-35.6067","0"
"833","36.6329","-35.2454","0"
"834","36.976","-34.8816","0"
"835","37.2874","-34.4905","0"
"836","37.5957","-34.0967","0"
"837","37.8717","-33.6799","0"
"838","38.1435","-33.2601","0"
"839","38.3825","-32.8211","0"
"840","38.6145","-32.3781","0"
"841","38.8223","-31.9243","0"
"842","38.9953","-31.455","0"
"843","39.1683","-30.9858","0"
"844","39.3197","-30.5097","0"
"845","39.4496","-30.0267","0"
"846","39.5794","-29.5438","0"
"847","39.7053","-29.0599","0"
"848","39.7916","-28.5673","0"
"849","39.8779","-28.0747","0"
"850","39.9643","-27.5821","0"
"851","40.0469","-27.089","0"
"852","40.0944","-26.5912","0"
"853","40.1419","-26.0933","0"
"854","40.1895","-25.5955","0"
"855","40.2299","-25.0972","0"
"856","40.2448","-24.5973","0"
"857","40.2597","-24.0974","0"
"858","40.2745","-23.5975","0"
"859","40.2882","-23.0976","0"
"860","40.2882","-22.5975","0"
"861","40.2882","-22.0974","0"
"862","40.2882","-21.5973","0"
"863","40.2882","-21.0972","0"
"864","40.2882","-20.597","0"
"865","40.2882","-20.0969","0"
"866","40.2882","-19.5968","0"
"867","40.2882","-19.0967","0"
"868","40.2882","-18.5966","0"
"869","40.2882","-18.0965","0"
"870","40.2882","-17.5964","0"
"871","40.2882","-17.0963","0"
"872","40.2882","-16.5962","0"
"873","40.2882","-16.096","0"
"874","40.2882","-15.5959","0"
"875","40.2882","-15.0958","0"
"876","40.2882","-14.5957","0"
"877","40.2882","-14.0956","0"
"878","40.2882","-13.5955","0"
"879","40.2882","-13.0954","0"
"880","40.2882","-12.5953","0"
"881","40.2882","-12.0951","0"
"882","40.2882","-11.595","0"
"883","40.2882","-11.0949","0"
"884","40.2882","-10.5948","0"
"885","40.2882","-10.0947","0"
"886","40.2882","-9.5946","0"
"887","40.2882","-9.0945","0"
"888","40.2882","-8.5944","0"
"889","40.2882","-8.0942","0"
"890","40.2882","-7.5941","0"
"891","40.2882","-7.094","0"
"892","40.2882","-6.5939","0"
"893","40.2882","-6.0938","0"
"894","40.2882","-5.5937","0"
"895","40.2882","-5.0936","0"
"896","40.2882","-4.5935","0"
"897","40.2882","-4.0934","0"
"898","40.2882","-3.5932","0"
"899","40.2882","-3.0931","0"
"900","40.2882","-2.593","0"
"901","40.2882","-2.0929","0"
"902","40.2882","-1.5928","0"
"903","40.2882","-1.0927","0"
"904","40.2882","-0.5926","0"
"905","40.2882","-0.0925","0"
"906","10.7597","-26.8588","0"
"907","69.6549","-0.1618","0"
"908","69.1616","-0.0722","0"
"909","68.6682","0.0174","0"
"910","68.1749","0.107","0"
"911","67.6816","0.1966","0"
"912","67.1883","0.2862","0"
"913","66.6936","0.3667","0"
"914","66.195","0.4188","0"
"915","65.6963","0.471","0"
"916","65.197","0.5143","0"
"917","64.6959","0.5334","0"
"918","64.1949","0.5524","0"
"919","63.6939","0.5605","0"
"920","63.1929","0.539","0"
"921","62.692","0.5176","0"
"922","62.1948","0.4552","0"
"923","61.6981","0.3866","0"
"924","61.207","0.2882","0"
"925","60.7195","0.1711","0"
"926","60.2431","0.0162","0"
"927","59.7702","-0.1503","0"
"928","59.3154","-0.3614","0"
"929","58.874","-0.5981","0"
"930","58.4468","-0.8599","0"
"931","58.0406","-1.1538","0"
"932","57.6574","-1.4767","0"
"933","57.301","-1.8289","0"
"934","56.9653","-2.2006","0"
"935","56.6528","-2.5927","0"
"936","56.3758","-3.0105","0"
"937","56.1228","-3.4427","0"
"938","55.8897","-3.8866","0"
"939","55.6913","-4.3466","0"
"940","55.5034","-4.8115","0"
"941","55.3593","-5.2916","0"
"942","55.218","-5.7727","0"
"943","55.1092","-6.2616","0"
"944","55.0142","-6.754","0"
"945","54.9327","-7.2483","0"
"946","54.8792","-7.7468","0"
"947","54.8258","-8.2454","0"
"948","54.8013","-8.7459","0"
"949","54.7846","-9.2471","0"
"950","54.7693","-9.7482","0"
"951","54.7693","-10.2496","0"
"952","54.7693","-10.751","0"
"953","54.7693","-11.2524","0"
"954","54.7693","-11.7538","0"
"955","54.7693","-12.2552","0"
"956","54.7693","-12.7566","0"
"957","54.7693","-13.258","0"
"958","54.7693","-13.7594","0"
"959","54.7693","-14.2608","0"
"960","54.7693","-14.7622","0"
"961","54.7693","-15.2636","0"
"962","54.7693","-15.765","0"
"963","54.7693","-16.2664","0"
"964","54.7693","-16.7678","0"
"965","54.7693","-17.2692","0"
"966","54.7693","-17.7706","0"
"967","54.7693","-18.272","0"
"968","54.7693","-18.7734","0"
"969","54.7693","-19.2748","0"
"970","54.7693","-19.7762","0"
"971","54.7693","-20.2776","0"
"972","54.7693","-20.779","0"
"973","54.7693","-21.2804","0"
"974","54.7693","-21.7818","0"
"975","54.7693","-22.2831","0"
"976","54.7693","-22.7845","0"
"977","54.7693","-23.2859","0"
"978","54.7693","-23.7873","0"
"979","54.7693","-24.2887","0"
"980","54.7693","-24.7901","0"
"981","54.7693","-25.2915","0"
"982","54.7693","-25.7929","0"
"983","54.7693","-26.2943","0"
"984","54.7693","-26.7957","0"
"985","54.7693","-27.2971","0"
"986","54.7693","-27.7985","0"
"987","54.7693","-28.2999","0"
"988","54.7693","-28.8013","0"
"989","54.7693","-29.3027","0"
"990","54.7693","-29.8041","0"
"991","54.7693","-30.3055","0"
"992","54.7693","-30.8069","0"
"993","54.7693","-31.3083","0"
"994","54.7693","-31.8097","0"
"995","54.7693","-32.3111","0"
"996","54.7693","-32.8125","0"
"997","54.7693","-33.3139","0"
"998","54.7693","-33.8153","0"
"999","54.7693","-34.3167","0"
"1000","54.7693","-34.8181","0"
"1001","54.7693","-35.3195","0"
"1002","54.7693","-35.8209","0"
"1003","54.7693","-36.3223","0"
"1004","54.7693","-36.8237","0"
"1005","54.7693","-37.3251","0"
"1006","54.7231","-37.7803","0"
"1007","54.2217","-37.7803","0"
"1008","53.7203","-37.7803","0"
"1009","53.2189","-37.7803","0"
"1010","52.7175","-37.7803","0"
"1011","52.2161","-37.7803","0"
"1012","51.7147","-37.7803","0"
"1013","51.2133","-37.7803","0"
"1014","50.7119","-37.7803","0"
"1015","50.2105","-37.7803","0"
"1016","49.7091","-37.7803","0"
"1017","49.2077","-37.7803","0"
"1018","48.7063","-37.7803","0"
"1019","48.2049","-37.7803","0"
"1020","47.7035","-37.7803","0"
"1021","47.39","-37.6734","0"
"1022","55.0675","-24.7383","0"
"1023","69.6549","-0.1618","0"
"1024","161.4764","0","0"
"1025","161.4764","-0.5012","0"
"1026","161.4764","-1.0024","0"
"1027","161.4764","-1.5036","0"
"1028","161.4764","-2.0047","0"
"1029","161.4764","-2.5059","0"
"1030","161.4764","-3.0071","0"
"1031","161.4764","-3.5083","0"
"1032","161.4764","-4.0095","0"
"1033","161.4764","-4.5107","0"
"1034","161.4764","-5.0119","0"
"1035","161.4764","-5.5131","0"
"1036","161.4764","-6.0142","0"
"1037","161.4764","-6.5154","0"
"1038","161.4764","-7.0166","0"
"1039","161.4764","-7.5178","0"
"1040","161.4764","-8.019","0"
"1041","161.4764","-8.5202","0"
"1042","161.4764","-9.0214","0"
"1043","161.4764","-9.5225","0"
"1044","161.4764","-10.0237","0"
"1045","161.4764","-10.5249","0"
"1046","161.4764","-11.0261","0"
"1047","161.4764","-11.5273","0"
"1048","161.4764","-12.0285","0"
"1049","161.4764","-12.5297","0"
"1050","161.4764","-13.0309","0"
"1051","161.4764","-13.532","0"
"1052","161.4764","-14.0332","0"
"1053","161.4764","-14.5344","0"
"1054","161.4764","-15.0356","0"
"1055","161.4764","-15.5368","0"
"1056","161.4764","-16.038","0"
"1057","161.4764","-16.5392","0"
"1058","161.4764","-17.0403","0"
"1059","161.4764","-17.5415","0"
"1060","161.4764","-18.0427","0"
"1061","161.4764","-18.5439","0"
"1062","161.4764","-19.0451","0"
"1063","161.4764","-19.5463","0"
"1064","161.4764","-20.0475","0"
"1065","161.4764","-20.5486","0"
"1066","161.4764","-21.0498","0"
"1067","161.4764","-21.551","0"
"1068","161.4764","-22.0522","0"
"1069","161.4601","-22.5531","0"
"1070","161.439","-23.0538","0"
"1071","161.4179","-23.5545","0"
"1072","161.3968","-24.0553","0"
"1073","161.3757","-24.556","0"
"1074","161.3546","-25.0568","0"
"1075","161.3145","-25.5558","0"
"1076","161.2467","-26.0524","0"
"1077","161.1788","-26.549","0"
"1078","161.1109","-27.0455","0"
"1079","161.043","-27.5421","0"
"1080","160.9638","-28.0365","0"
"1081","160.8488","-28.5244","0"
"1082","160.7339","-29.0122","0"
"1083","160.6189","-29.5","0"
"1084","160.4794","-29.9809","0"
"1085","160.3206","-30.4562","0"
"1086","160.1619","-30.9316","0"
"1087","159.9758","-31.3964","0"
"1088","159.7726","-31.8545","0"
"1089","159.5694","-32.3127","0"
"1090","159.3296","-32.7524","0"
"1091","159.0829","-33.1887","0"
"1092","158.8155","-33.6122","0"
"1093","158.5262","-34.0211","0"
"1094","158.2184","-34.4166","0"
"1095","157.8867","-34.7917","0"
"1096","157.5435","-35.157","0"
"1097","157.1782","-35.4992","0"
"1098","156.7991","-35.827","0"
"1099","156.4022","-36.1319","0"
"1100","155.9913","-36.4189","0"
"1101","155.5673","-36.685","0"
"1102","155.1297","-36.9293","0"
"1103","154.6839","-37.1572","0"
"1104","154.2249","-37.3583","0"
"1105","153.7621","-37.5497","0"
"1106","153.2854","-37.7044","0"
"1107","152.8087","-37.8592","0"
"1108","152.3255","-37.9899","0"
"1109","151.8359","-38.0969","0"
"1110","151.3462","-38.2038","0"
"1111","150.8516","-38.282","0"
"1112","150.3544","-38.3452","0"
"1113","149.8572","-38.4084","0"
"1114","149.3577","-38.4441","0"
"1115","148.857","-38.4648","0"
"1116","148.3562","-38.4856","0"
"1117","147.8555","-38.5063","0"
"1118","147.3548","-38.487","0"
"1119","146.8542","-38.4632","0"
"1120","146.3536","-38.4393","0"
"1121","145.853","-38.4155","0"
"1122","145.3548","-38.3666","0"
"1123","144.859","-38.2936","0"
"1124","144.3631","-38.2206","0"
"1125","143.8673","-38.1476","0"
"1126","143.3798","-38.0321","0"
"1127","142.8931","-37.9122","0"
"1128","142.4065","-37.7923","0"
"1129","141.9331","-37.6281","0"
"1130","141.4602","-37.462","0"
"1131","140.9896","-37.2905","0"
"1132","140.5343","-37.0808","0"
"1133","140.0791","-36.8711","0"
"1134","139.6408","-36.6286","0"
"1135","139.2061","-36.3792","0"
"1136","138.7853","-36.1079","0"
"1137","138.3752","-35.8198","0"
"1138","137.9733","-35.521","0"
"1139","137.5886","-35.1998","0"
"1140","137.217","-34.864","0"
"1141","136.8569","-34.5154","0"
"1142","136.5187","-34.146","0"
"1143","136.1884","-33.769","0"
"1144","135.8751","-33.3785","0"
"1145","135.5805","-32.973","0"
"1146","135.2939","-32.5623","0"
"1147","135.0368","-32.1321","0"
"1148","134.7797","-31.7018","0"
"1149","134.5617","-31.2507","0"
"1150","134.3469","-30.7979","0"
"1151","134.1376","-30.3428","0"
"1152","133.9686","-29.871","0"
"1153","133.7996","-29.3991","0"
"1154","133.6404","-28.9243","0"
"1155","133.5155","-28.4389","0"
"1156","133.3906","-27.9535","0"
"1157","133.2749","-27.4662","0"
"1158","133.1947","-26.9715","0"
"1159","133.1146","-26.4768","0"
"1160","133.0344","-25.982","0"
"1161","132.9733","-25.4849","0"
"1162","132.931","-24.9856","0"
"1163","132.8886","-24.4862","0"
"1164","132.8672","-23.9856","0"
"1165","132.8537","-23.4846","0"
"1166","132.8402","-22.9836","0"
"1167","132.8378","-22.4824","0"
"1168","132.8378","-21.9812","0"
"1169","132.8378","-21.4801","0"
"1170","132.8378","-20.9789","0"
"1171","132.8378","-20.4777","0"
"1172","132.8378","-19.9765","0"
"1173","132.8378","-19.4753","0"
"1174","132.8378","-18.9741","0"
"1175","132.8378","-18.4729","0"
"1176","132.8378","-17.9718","0"
"1177","132.8378","-17.4706","0"
"1178","132.8378","-16.9694","0"
"1179","132.8378","-16.4682","0"
"1180","132.8378","-15.967","0"
"1181","132.8378","-15.4658","0"
"1182","132.8378","-14.9646","0"
"1183","132.8378","-14.4634","0"
"1184","132.8378","-13.9623","0"
"1185","132.8378","-13.4611","0"
"1186","132.8378","-12.9599","0"
"1187","132.8378","-12.4587","0"
"1188","132.8378","-11.9575","0"
"1189","132.8378","-11.4563","0"
"1190","132.8378","-10.9551","0"
"1191","132.8378","-10.454","0"
"1192","132.8378","-9.9528","0"
"1193","132.8378","-9.4516","0"
"1194","132.8378","-8.9504","0"
"1195","132.8378","-8.4492","0"
"1196","132.8378","-7.948","0"
"1197","132.8378","-7.4468","0"
"1198","132.8378","-6.9456","0"
"1199","132.8378","-6.4445","0"
"1200","132.8378","-5.9433","0"
"1201","132.8378","-5.4421","0"
"1202","132.8378","-4.9409","0"
"1203","132.8378","-4.4397","0"
"1204","132.8378","-3.9385","0"
"1205","132.8378","-3.4373","0"
"1206","132.8378","-2.9362","0"
"1207","132.8378","-2.435","0"
"1208","132.8378","-1.9338","0"
"1209","132.8378","-1.4326","0"
"1210","132.8378","-0.9314","0"
"1211","132.8378","-0.4302","0"
"1212","132.9088","0","0"
"1213","161.4764","0","0"
"1214","-123.9573","-18.5261","0"
"1215","-124.4605","-18.5261","0"
"1216","-124.9637","-18.5261","0"
"1217","-125.4669","-18.5261","0"
"1218","-125.9701","-18.5261","0"
"1219","-126.4733","-18.5261","0"
"1220","-126.9766","-18.5261","0"
"1221","-127.4798","-18.5261","0"
"1222","-127.983","-18.5261","0"
"1223","-128.4862","-18.5261","0"
"1224","-128.9894","-18.5261","0"
"1225","-129.4926","-18.5261","0"
"1226","-129.9959","-18.5261","0"
"1227","-130.4991","-18.5261","0"
"1228","-131.0023","-18.5261","0"
"1229","-131.5055","-18.5261","0"
"1230","-132.0087","-18.5261","0"
"1231","-132.5119","-18.5261","0"
"1232","-133.0152","-18.5261","0"
"1233","-133.5184","-18.5261","0"
"1234","-134.0216","-18.5261","0"
"1235","-134.5248","-18.5261","0"
"1236","-135.028","-18.5261","0"
"1237","-135.5312","-18.5261","0"
"1238","-136.0344","-18.5261","0"
"1239","-136.5377","-18.5261","0"
"1240","-137.0409","-18.5261","0"
"1241","-137.5441","-18.5261","0"
"1242","-138.0473","-18.5261","0"
"1243","-138.5505","-18.5261","0"
"1244","-139.0537","-18.5261","0"
"1245","-139.557","-18.5261","0"
"1246","-140.0602","-18.5261","0"
"1247","-140.5634","-18.5261","0"
"1248","-141.0666","-18.5261","0"
"1249","-141.5698","-18.5261","0"
"1250","-142.073","-18.5261","0"
"1251","-142.5762","-18.5261","0"
"1252","-143.0795","-18.5261","0"
"1253","-143.5827","-18.5261","0"
"1254","-144.0859","-18.5261","0"
"1255","-144.5891","-18.5261","0"
"1256","-145.0923","-18.5261","0"
"1257","-145.5955","-18.5261","0"
"1258","-146.0988","-18.5261","0"
"1259","-146.602","-18.5261","0"
"1260","-147.1052","-18.5261","0"
"1261","-147.6084","-18.5261","0"
"1262","-148.1116","-18.5261","0"
"1263","-148.6148","-18.5261","0"
"1264","-149.1181","-18.5261","0"
"1265","-149.6213","-18.5261","0"
"1266","-150.1245","-18.5261","0"
"1267","-150.6277","-18.5261","0"
"1268","-151.1309","-18.5261","0"
"1269","-151.6341","-18.5261","0"
"1270","-152.1373","-18.5261","0"
"1271","-152.6406","-18.5261","0"
"1272","-153.1438","-18.5261","0"
"1273","-153.647","-18.5261","0"
"1274","-154.1502","-18.5261","0"
"1275","-154.6534","-18.5261","0"
"1276","-154.6534","-18.5261","0"
"1277","-154.1502","-18.5261","0"
"1278","-153.647","-18.5261","0"
"1279","-153.1438","-18.5261","0"
"1280","-152.6406","-18.5261","0"
"1281","-152.1373","-18.5261","0"
"1282","-151.6341","-18.5261","0"
"1283","-151.1309","-18.5261","0"
"1284","-150.6277","-18.5261","0"
"1285","-150.1245","-18.5261","0"
"1286","-149.6213","-18.5261","0"
"1287","-149.1181","-18.5261","0"
"1288","-148.6148","-18.5261","0"
"1289","-148.1116","-18.5261","0"
"1290","-147.6084","-18.5261","0"
"1291","-147.1052","-18.5261","0"
"1292","-146.602","-18.5261","0"
"1293","-146.0988","-18.5261","0"
"1294","-145.5955","-18.5261","0"
"1295","-145.0923","-18.5261","0"
"1296","-144.5891","-18.5261","0"
"1297","-144.0859","-18.5261","0"
"1298","-143.5827","-18.5261","0"
"1299","-143.0795","-18.5261","0"
"1300","-142.5762","-18.5261","0"
"1301","-142.073","-18.5261","0"
"1302","-141.5698","-18.5261","0"
"1303","-141.0666","-18.5261","0"
"1304","-140.5634","-18.5261","0"
"1305","-140.0602","-18.5261","0"
"1306","-139.557","-18.5261","0"
"1307","-139.0537","-18.5261","0"
"1308","-138.5505","-18.5261","0"
"1309","-138.0473","-18.5261","0"
"1310","-137.5441","-18.5261","0"
"1311","-137.0409","-18.5261","0"
"1312","-136.5377","-18.5261","0"
"1313","-136.0344","-18.5261","0"
"1314","-135.5312","-18.5261","0"
"1315","-135.028","-18.5261","0"
"1316","-134.5248","-18.5261","0"
"1317","-134.0216","-18.5261","0"
"1318","-133.5184","-18.5261","0"
"1319","-133.0152","-18.5261","0"
"1320","-132.5119","-18.5261","0"
"1321","-132.0087","-18.5261","0"
"1322","-131.5055","-18.5261","0"
"1323","-131.0023","-18.5261","0"
"1324","-130.4991","-18.5261","0"
"1325","-129.9959","-18.5261","0"
"1326","-129.4926","-18.5261","0"
"1327","-128.9894","-18.5261","0"
"1328","-128.4862","-18.5261","0"
"1329","-127.983","-18.5261","0"
"1330","-127.4798","-18.5261","0"
"1331","-126.9766","-18.5261","0"
"1332","-126.4733","-18.5261","0"
"1333","-125.9701","-18.5261","0"
"1334","-125.4669","-18.5261","0"
"1335","-124.9637","-18.5261","0"
"1336","-124.4605","-18.5261","0"
"1337","-123.9573","-18.5261","0"
"1338","-109.6008","-22.8947","0"
"1339","-109.6008","-23.3958","0"
"1340","-109.6008","-23.8968","0"
"1341","-109.6008","-24.3979","0"
"1342","-109.6008","-24.8989","0"
"1343","-109.6008","-25.4","0"
"1344","-109.6008","-25.901","0"
"1345","-109.6008","-26.4021","0"
"1346","-109.6008","-26.9032","0"
"1347","-109.6008","-27.4042","0"
"1348","-109.6008","-27.9053","0"
"1349","-109.6008","-28.4063","0"
"1350","-109.6008","-28.9074","0"
"1351","-109.6008","-29.4085","0"
"1352","-109.6008","-29.9095","0"
"1353","-109.6008","-30.4106","0"
"1354","-109.6008","-30.9116","0"
"1355","-109.6008","-31.4127","0"
"1356","-109.6008","-31.9137","0"
"1357","-109.6008","-32.4148","0"
"1358","-109.6008","-32.9159","0"
"1359","-109.6008","-33.4169","0"
"1360","-109.6008","-33.918","0"
"1361","-109.6008","-34.419","0"
"1362","-109.6008","-34.9201","0"
"1363","-109.6008","-35.4212","0"
"1364","-109.6008","-35.9222","0"
"1365","-109.6008","-36.4233","0"
"1366","-109.6008","-36.9243","0"
"1367","-109.6008","-37.4254","0"
"1368","-109.6008","-37.9264","0"
"1369","-109.6008","-38.4275","0"
"1370","-109.6008","-37.9264","0"
"1371","-109.6008","-37.4254","0"
"1372","-109.6008","-36.9243","0"
"1373","-109.6008","-36.4233","0"
"1374","-109.6008","-35.9222","0"
"1375","-109.6008","-35.4212","0"
"1376","-109.6008","-34.9201","0"
"1377","-109.6008","-34.419","0"
"1378","-109.6008","-33.918","0"
"1379","-109.6008","-33.4169","0"
"1380","-109.6008","-32.9159","0"
"1381","-109.6008","-32.4148","0"
"1382","-109.6008","-31.9137","0"
"1383","-109.6008","-31.4127","0"
"1384","-109.6008","-30.9116","0"
"1385","-109.6008","-30.4106","0"
"1386","-109.6008","-29.9095","0"
"1387","-109.6008","-29.4085","0"
"1388","-109.6008","-28.9074","0"
"1389","-109.6008","-28.4063","0"
"1390","-109.6008","-27.9053","0"
"1391","-109.6008","-27.4042","0"
"1392","-109.6008","-26.9032","0"
"1393","-109.6008","-26.4021","0"
"1394","-109.6008","-25.901","0"
"1395","-109.6008","-25.4","0"
"1396","-109.6008","-24.8989","0"
"1397","-109.6008","-24.3979","0"
"1398","-109.6008","-23.8968","0"
"1399","-109.6008","-23.3958","0"
"1400","-109.6008","-22.8947","0"
"1401","-68.1987","-38.4275","0"
"1402","-68.1987","-37.9252","0"
"1403","-68.1987","-37.4229","0"
"1404","-68.1987","-36.9205","0"
"1405","-68.1987","-36.4182","0"
"1406","-68.1987","-35.9159","0"
"1407","-68.1987","-35.4136","0"
"1408","-68.1987","-34.9113","0"
"1409","-68.1987","-34.4089","0"
"1410","-68.1987","-33.9066","0"
"1411","-68.1987","-33.4043","0"
"1412","-68.1987","-32.902","0"
"1413","-68.1987","-32.3997","0"
"1414","-68.1987","-31.8973","0"
"1415","-68.1987","-31.395","0"
"1416","-68.1987","-30.8927","0"
"1417","-68.1987","-30.3904","0"
"1418","-68.1987","-29.8881","0"
"1419","-68.1987","-29.3857","0"
"1420","-68.1987","-28.8834","0"
"1421","-68.1987","-28.3811","0"
"1422","-68.1987","-27.8788","0"
"1423","-68.1987","-27.3765","0"
"1424","-68.1987","-26.8741","0"
"1425","-68.1987","-26.3718","0"
"1426","-68.1987","-25.8695","0"
"1427","-68.1987","-25.3672","0"
"1428","-68.1987","-24.8649","0"
"1429","-68.1987","-24.3625","0"
"1430","-68.1987","-23.8602","0"
"1431","-68.1987","-23.3579","0"
"1432","-68.1987","-22.8556","0"
"1433","-68.1987","-22.3533","0"
"1434","-68.1987","-21.8509","0"
"1435","-68.1987","-21.3486","0"
"1436","-68.1987","-20.8463","0"
"1437","-68.1987","-20.344","0"
"1438","-68.1987","-19.8417","0"
"1439","-68.1987","-19.3393","0"
"1440","-68.1987","-18.837","0"
"1441","-68.1987","-18.3347","0"
"1442","-68.1987","-17.8324","0"
"1443","-68.1987","-17.33","0"
"1444","-68.1987","-16.8277","0"
"1445","-68.1987","-16.3254","0"
"1446","-68.1987","-15.8231","0"
"1447","-68.1987","-15.3208","0"
"1448","-68.1987","-14.8184","0"
"1449","-68.1987","-14.3161","0"
"1450","-68.1987","-13.8138","0"
"1451","-68.1987","-13.3115","0"
"1452","-68.1987","-12.8092","0"
"1453","-68.1987","-12.3068","0"
"1454","-68.1987","-11.8045","0"
"1455","-68.1987","-11.3022","0"
"1456","-68.1987","-10.7999","0"
"1457","-68.1987","-10.2976","0"
"1458","-68.1987","-9.7952","0"
"1459","-68.1987","-9.2929","0"
"1460","-68.1987","-8.7906","0"
"1461","-68.1987","-8.2883","0"
"1462","-68.1987","-7.786","0"
"1463","-68.1987","-7.2836","0"
"1464","-68.1987","-6.7813","0"
"1465","-68.1987","-6.279","0"
"1466","-68.1987","-5.7767","0"
"1467","-68.1987","-5.2744","0"
"1468","-68.1987","-4.772","0"
"1469","-68.1987","-4.2697","0"
"1470","-68.1987","-3.7674","0"
"1471","-68.1987","-3.2651","0"
"1472","-68.1987","-2.7628","0"
"1473","-68.1987","-2.2604","0"
"1474","-68.1987","-1.7581","0"
"1475","-68.1987","-1.2558","0"
"1476","-68.1987","-0.7535","0"
"1477","-68.1987","-0.2512","0"
"1478","-68.1987","-0.2512","0"
"1479","-68.1987","-0.7535","0"
"1480","-68.1987","-1.2558","0"
"1481","-68.1987","-1.7581","0"
"1482","-68.1987","-2.2604","0"
"1483","-68.1987","-2.7628","0"
"1484","-68.1987","-3.2651","0"
"1485","-68.1987","-3.7674","0"
"1486","-68.1987","-4.2697","0"
"1487","-68.1987","-4.772","0"
"1488","-68.1987","-5.2744","0"
"1489","-68.1987","-5.7767","0"
"1490","-68.1987","-6.279","0"
"1491","-68.1987","-6.7813","0"
"1492","-68.1987","-7.2836","0"
"1493","-68.1987","-7.786","0"
"1494","-68.1987","-8.2883","0"
"1495","-68.1987","-8.7906","0"
"1496","-68.1987","-9.2929","0"
"1497","-68.1987","-9.7952","0"
"1498","-68.1987","-10.2976","0"
"1499","-68.1987","-10.7999","0"
"1500","-68.1987","-11.3022","0"
"1501","-68.1987","-11.8045","0"
"1502","-68.1987","-12.3068","0"
"1503","-68.1987","-12.8092","0"
"1504","-68.1987","-13.3115","0"
"1505","-68.1987","-13.8138","0"
"1506","-68.1987","-14.3161","0"
"1507","-68.1987","-14.8184","0"
"1508","-68.1987","-15.3208","0"
"1509","-68.1987","-15.8231","0"
"1510","-68.1987","-16.3254","0"
"1511","-68.1987","-16.8277","0"
"1512","-68.1987","-17.33","0"
"1513","-68.1987","-17.8324","0"
"1514","-68.1987","-18.3347","0"
"1515","-68.1987","-18.837","0"
"1516","-68.1987","-19.3393","0"
"1517","-68.1987","-19.8417","0"
"1518","-68.1987","-20.344","0"
"1519","-68.1987","-20.8463","0"
"1520","-68.1987","-21.3486","0"
"1521","-68.1987","-21.8509","0"
"1522","-68.1987","-22.3533","0"
"1523","-68.1987","-22.8556","0"
"1524","-68.1987","-23.3579","0"
"1525","-68.1987","-23.8602","0"
"1526","-68.1987","-24.3625","0"
"1527","-68.1987","-24.8649","0"
"1528","-68.1987","-25.3672","0"
"1529","-68.1987","-25.8695","0"
"1530","-68.1987","-26.3718","0"
"1531","-68.1987","-26.8741","0"
"1532","-68.1987","-27.3765","0"
"1533","-68.1987","-27.8788","0"
"1534","-68.1987","-28.3811","0"
"1535","-68.1987","-28.8834","0"
"1536","-68.1987","-29.3857","0"
"1537","-68.1987","-29.8881","0"
"1538","-68.1987","-30.3904","0"
"1539","-68.1987","-30.8927","0"
"1540","-68.1987","-31.395","0"
"1541","-68.1987","-31.8973","0"
"1542","-68.1987","-32.3997","0"
"1543","-68.1987","-32.902","0"
"1544","-68.1987","-33.4043","0"
"1545","-68.1987","-33.9066","0"
"1546","-68.1987","-34.4089","0"
"1547","-68.1987","-34.9113","0"
"1548","-68.1987","-35.4136","0"
"1549","-68.1987","-35.9159","0"
"1550","-68.1987","-36.4182","0"
"1551","-68.1987","-36.9205","0"
"1552","-68.1987","-37.4229","0"
"1553","-68.1987","-37.9252","0"
"1554","-68.1987","-38.4275","0"
"1555","-55.7413","-23.9021","0"
"1556","-55.7413","-24.403","0"
"1557","-55.7413","-24.9039","0"
"1558","-55.7413","-25.4047","0"
"1559","-55.7413","-25.9056","0"
"1560","-55.7413","-26.4065","0"
"1561","-55.7413","-26.9074","0"
"1562","-55.7413","-27.4082","0"
"1563","-55.7413","-27.9091","0"
"1564","-55.7413","-28.41","0"
"1565","-55.7413","-28.9109","0"
"1566","-55.7413","-29.4117","0"
"1567","-55.7413","-29.9126","0"
"1568","-55.7413","-30.4135","0"
"1569","-55.7413","-30.9144","0"
"1570","-55.7413","-31.4152","0"
"1571","-55.7413","-31.9161","0"
"1572","-55.7413","-32.417","0"
"1573","-55.7413","-32.9179","0"
"1574","-55.7413","-33.4187","0"
"1575","-55.7413","-33.9196","0"
"1576","-55.7413","-34.4205","0"
"1577","-55.7413","-34.9214","0"
"1578","-55.7413","-35.4222","0"
"1579","-55.7413","-35.9231","0"
"1580","-55.7413","-36.424","0"
"1581","-55.7413","-36.9249","0"
"1582","-55.7413","-37.4257","0"
"1583","-55.7413","-37.9266","0"
"1584","-55.7413","-38.4275","0"
"1585","-55.7413","-37.9266","0"
"1586","-55.7413","-37.4257","0"
"1587","-55.7413","-36.9249","0"
"1588","-55.7413","-36.424","0"
"1589","-55.7413","-35.9231","0"
"1590","-55.7413","-35.4222","0"
"1591","-55.7413","-34.9214","0"
"1592","-55.7413","-34.4205","0"
"1593","-55.7413","-33.9196","0"
"1594","-55.7413","-33.4187","0"
"1595","-55.7413","-32.9179","0"
"1596","-55.7413","-32.417","0"
"1597","-55.7413","-31.9161","0"
"1598","-55.7413","-31.4152","0"
"1599","-55.7413","-30.9144","0"
"1600","-55.7413","-30.4135","0"
"1601","-55.7413","-29.9126","0"
"1602","-55.7413","-29.4117","0"
"1603","-55.7413","-28.9109","0"
"1604","-55.7413","-28.41","0"
"1605","-55.7413","-27.9091","0"
"1606","-55.7413","-27.4082","0"
"1607","-55.7413","-26.9074","0"
"1608","-55.7413","-26.4065","0"
"1609","-55.7413","-25.9056","0"
"1610","-55.7413","-25.4047","0"
"1611","-55.7413","-24.9039","0"
"1612","-55.7413","-24.403","0"
"1613","-55.7413","-23.9021","0"
"1614","40.287","-11.9732","0"
"1615","40.1745","-11.4844","0"
"1616","40.0619","-10.9956","0"
"1617","39.9243","-10.5138","0"
"1618","39.7654","-10.038","0"
"1619","39.6065","-9.5623","0"
"1620","39.4159","-9.0989","0"
"1621","39.2096","-8.6416","0"
"1622","39.0034","-8.1844","0"
"1623","38.7602","-7.746","0"
"1624","38.5108","-7.3108","0"
"1625","38.2579","-6.8778","0"
"1626","37.9701","-6.467","0"
"1627","37.6823","-6.0562","0"
"1628","37.3814","-5.6554","0"
"1629","37.0573","-5.2726","0"
"1630","36.7331","-4.8898","0"
"1631","36.402","-4.5135","0"
"1632","36.0444","-4.1617","0"
"1633","35.6869","-3.8099","0"
"1634","35.3266","-3.4611","0"
"1635","34.9409","-3.1404","0"
"1636","34.5552","-2.8197","0"
"1637","34.1688","-2.5","0"
"1638","33.7563","-2.2145","0"
"1639","33.3438","-1.9291","0"
"1640","32.9211","-1.6601","0"
"1641","32.4834","-1.4151","0"
"1642","32.0457","-1.1701","0"
"1643","31.5927","-0.9555","0"
"1644","31.1345","-0.7514","0"
"1645","30.6761","-0.5478","0"
"1646","30.2009","-0.3873","0"
"1647","29.7256","-0.2268","0"
"1648","29.2504","-0.0663","0"
"1649","28.766","0.0623","0"
"1650","28.278","0.1781","0"
"1651","27.7899","0.2939","0"
"1652","27.2996","0.398","0"
"1653","26.8031","0.4694","0"
"1654","26.3066","0.5409","0"
"1655","25.8101","0.6123","0"
"1656","25.3132","0.6801","0"
"1657","24.8129","0.7165","0"
"1658","24.3127","0.7529","0"
"1659","23.8119","0.7802","0"
"1660","23.3105","0.7918","0"
"1661","22.809","0.8035","0"
"1662","22.3077","0.7978","0"
"1663","21.8065","0.7765","0"
"1664","21.3054","0.7553","0"
"1665","20.8042","0.734","0"
"1666","20.3036","0.7061","0"
"1667","19.8066","0.639","0"
"1668","19.3095","0.5718","0"
"1669","18.8124","0.5047","0"
"1670","18.3189","0.4178","0"
"1671","17.8301","0.3051","0"
"1672","17.3413","0.1925","0"
"1673","16.86","0.0531","0"
"1674","16.3838","-0.1047","0"
"1675","15.9077","-0.2626","0"
"1676","15.4432","-0.4515","0"
"1677","14.9882","-0.6624","0"
"1678","14.5421","-0.891","0"
"1679","14.1084","-1.1429","0"
"1680","13.6779","-1.3999","0"
"1681","13.2694","-1.691","0"
"1682","12.8685","-1.9919","0"
"1683","12.4883","-2.3191","0"
"1684","12.1229","-2.6619","0"
"1685","11.7754","-3.0236","0"
"1686","11.4519","-3.4063","0"
"1687","11.141","-3.7999","0"
"1688","10.8643","-4.218","0"
"1689","10.5958","-4.6415","0"
"1690","10.3656","-5.0871","0"
"1691","10.1471","-5.5381","0"
"1692","9.9638","-6.005","0"
"1693","9.7955","-6.4771","0"
"1694","9.6558","-6.9588","0"
"1695","9.527","-7.4432","0"
"1696","9.4332","-7.936","0"
"1697","9.3434","-8.4293","0"
"1698","9.2907","-8.9281","0"
"1699","9.2488","-9.4277","0"
"1700","9.2316","-9.929","0"
"1701","9.2329","-10.4303","0"
"1702","9.2548","-10.9314","0"
"1703","9.2822","-11.432","0"
"1704","9.3485","-11.9293","0"
"1705","9.4173","-12.426","0"
"1706","9.5285","-12.9151","0"
"1707","9.6417","-13.4037","0"
"1708","9.7929","-13.882","0"
"1709","9.9651","-14.3528","0"
"1710","10.1604","-14.8143","0"
"1711","10.3951","-15.2576","0"
"1712","10.6598","-15.6833","0"
"1713","10.9468","-16.0941","0"
"1714","11.2562","-16.4889","0"
"1715","11.5992","-16.8549","0"
"1716","11.9621","-17.2003","0"
"1717","12.3391","-17.5312","0"
"1718","12.7434","-17.8277","0"
"1719","13.1546","-18.1146","0"
"1720","13.5888","-18.3658","0"
"1721","14.0288","-18.6057","0"
"1722","14.4834","-18.8178","0"
"1723","14.944","-19.0154","0"
"1724","15.4141","-19.1903","0"
"1725","15.8896","-19.3486","0"
"1726","16.3731","-19.4823","0"
"1727","16.8566","-19.616","0"
"1728","17.34","-19.7497","0"
"1729","17.8317","-19.8476","0"
"1730","18.3252","-19.9372","0"
"1731","18.8188","-20.0267","0"
"1732","19.3123","-20.1163","0"
"1733","19.8059","-20.2058","0"
"1734","20.3048","-20.2566","0"
"1735","20.8041","-20.305","0"
"1736","21.3033","-20.3534","0"
"1737","21.8026","-20.4018","0"
"1738","22.3019","-20.4502","0"
"1739","22.8011","-20.4987","0"
"1740","23.3014","-20.5313","0"
"1741","23.8028","-20.5455","0"
"1742","24.3042","-20.5597","0"
"1743","24.8056","-20.5738","0"
"1744","25.307","-20.588","0"
"1745","25.8084","-20.6021","0"
"1746","26.3098","-20.6163","0"
"1747","26.8112","-20.6295","0"
"1748","27.3129","-20.6295","0"
"1749","27.8145","-20.6295","0"
"1750","28.3161","-20.6295","0"
"1751","28.8177","-20.6295","0"
"1752","29.3193","-20.6295","0"
"1753","29.8209","-20.6295","0"
"1754","30.3225","-20.6295","0"
"1755","30.8241","-20.6295","0"
"1756","31.3257","-20.6295","0"
"1757","31.8273","-20.6295","0"
"1758","32.3289","-20.6295","0"
"1759","32.8305","-20.6295","0"
"1760","33.3321","-20.6295","0"
"1761","33.8338","-20.6295","0"
"1762","34.3354","-20.6295","0"
"1763","34.837","-20.6295","0"
"1764","35.3386","-20.6295","0"
"1765","35.8402","-20.6295","0"
"1766","36.3418","-20.6295","0"
"1767","36.8434","-20.6295","0"
"1768","37.345","-20.6295","0"
"1769","37.8466","-20.6295","0"
"1770","38.3482","-20.6295","0"
"1771","38.8498","-20.6295","0"
"1772","39.3514","-20.6295","0"
"1773","39.8531","-20.6295","0"
"1774","40.2264","-20.5003","0"
"1775","40.23","-19.9987","0"
"1776","40.2335","-19.4971","0"
"1777","40.2371","-18.9955","0"
"1778","40.2407","-18.4939","0"
"1779","40.2442","-17.9923","0"
"1780","40.2478","-17.4907","0"
"1781","40.2514","-16.9892","0"
"1782","40.2549","-16.4876","0"
"1783","40.2585","-15.986","0"
"1784","40.262","-15.4844","0"
"1785","40.2656","-14.9828","0"
"1786","40.2692","-14.4812","0"
"1787","40.2727","-13.9796","0"
"1788","40.2763","-13.478","0"
"1789","40.2799","-12.9764","0"
"1790","40.2834","-12.4748","0"
"1791","40.287","-11.9732","0"
"1792","69.8976","-37.7803","0"
"1793","69.3933","-37.7803","0"
"1794","68.889","-37.7803","0"
"1795","68.3848","-37.7803","0"
"1796","67.8805","-37.7803","0"
"1797","67.3762","-37.7803","0"
"1798","66.8719","-37.7803","0"
"1799","66.3677","-37.7803","0"
"1800","65.8634","-37.7803","0"
"1801","65.3591","-37.7803","0"
"1802","64.8548","-37.7803","0"
"1803","64.3506","-37.7803","0"
"1804","63.8463","-37.7803","0"
"1805","63.342","-37.7803","0"
"1806","62.8377","-37.7803","0"
"1807","62.3334","-37.7803","0"
"1808","61.8292","-37.7803","0"
"1809","61.3249","-37.7803","0"
"1810","60.8206","-37.7803","0"
"1811","60.3163","-37.7803","0"
"1812","59.8121","-37.7803","0"
"1813","59.3078","-37.7803","0"
"1814","58.8035","-37.7803","0"
"1815","58.2992","-37.7803","0"
"1816","57.795","-37.7803","0"
"1817","57.2907","-37.7803","0"
"1818","56.7864","-37.7803","0"
"1819","56.2821","-37.7803","0"
"1820","55.7779","-37.7803","0"
"1821","55.2736","-37.7803","0"
"1822","54.7693","-37.7803","0"
"1823","55.2736","-37.7803","0"
"1824","55.7779","-37.7803","0"
"1825","56.2821","-37.7803","0"
"1826","56.7864","-37.7803","0"
"1827","57.2907","-37.7803","0"
"1828","57.795","-37.7803","0"
"1829","58.2992","-37.7803","0"
"1830","58.8035","-37.7803","0"
"1831","59.3078","-37.7803","0"
"1832","59.8121","-37.7803","0"
"1833","60.3163","-37.7803","0"
"1834","60.8206","-37.7803","0"
"1835","61.3249","-37.7803","0"
"1836","61.8292","-37.7803","0"
"1837","62.3334","-37.7803","0"
"1838","62.8377","-37.7803","0"
"1839","63.342","-37.7803","0"
"1840","63.8463","-37.7803","0"
"1841","64.3506","-37.7803","0"
"1842","64.8548","-37.7803","0"
"1843","65.3591","-37.7803","0"
"1844","65.8634","-37.7803","0"
"1845","66.3677","-37.7803","0"
"1846","66.8719","-37.7803","0"
"1847","67.3762","-37.7803","0"
"1848","67.8805","-37.7803","0"
"1849","68.3848","-37.7803","0"
"1850","68.889","-37.7803","0"
"1851","69.3933","-37.7803","0"
"1852","69.8976","-37.7803","0"
"1853","54.7693","-37.7803","0"
"1854","54.7693","-38.2859","0"
"1855","54.7693","-38.7916","0"
"1856","54.7693","-39.2972","0"
"1857","54.7693","-39.8028","0"
"1858","54.7693","-40.3084","0"
"1859","54.7693","-40.8141","0"
"1860","54.7693","-41.3197","0"
"1861","54.7693","-41.8253","0"
"1862","54.7693","-42.3309","0"
"1863","54.7693","-42.8365","0"
"1864","54.7693","-43.3422","0"
"1865","54.7693","-43.8478","0"
"1866","54.7693","-44.3534","0"
"1867","54.7693","-44.859","0"
"1868","54.7693","-45.3647","0"
"1869","54.7693","-45.8703","0"
"1870","54.7693","-46.3759","0"
"1871","54.7693","-46.8815","0"
"1872","54.7693","-47.3872","0"
"1873","54.7693","-47.8928","0"
"1874","54.7693","-47.3872","0"
"1875","54.7693","-46.8815","0"
"1876","54.7693","-46.3759","0"
"1877","54.7693","-45.8703","0"
"1878","54.7693","-45.3647","0"
"1879","54.7693","-44.859","0"
"1880","54.7693","-44.3534","0"
"1881","54.7693","-43.8478","0"
"1882","54.7693","-43.3422","0"
"1883","54.7693","-42.8365","0"
"1884","54.7693","-42.3309","0"
"1885","54.7693","-41.8253","0"
"1886","54.7693","-41.3197","0"
"1887","54.7693","-40.8141","0"
"1888","54.7693","-40.3084","0"
"1889","54.7693","-39.8028","0"
"1890","54.7693","-39.2972","0"
"1891","54.7693","-38.7916","0"
"1892","54.7693","-38.2859","0"
"1893","54.7693","-37.7803","0"
"1894","77.664","0","0"
"1895","77.664","-0.5023","0"
"1896","77.664","-1.0046","0"
"1897","77.664","-1.507","0"
"1898","77.664","-2.0093","0"
"1899","77.664","-2.5116","0"
"1900","77.664","-3.0139","0"
"1901","77.664","-3.5162","0"
"1902","77.664","-4.0186","0"
"1903","77.664","-4.5209","0"
"1904","77.664","-5.0232","0"
"1905","77.664","-5.5255","0"
"1906","77.664","-6.0278","0"
"1907","77.664","-6.5302","0"
"1908","77.664","-7.0325","0"
"1909","77.664","-7.5348","0"
"1910","77.664","-8.0371","0"
"1911","77.664","-8.5394","0"
"1912","77.664","-9.0418","0"
"1913","77.664","-9.5441","0"
"1914","77.664","-10.0464","0"
"1915","77.664","-10.5487","0"
"1916","77.664","-11.051","0"
"1917","77.664","-11.5534","0"
"1918","77.664","-12.0557","0"
"1919","77.664","-12.558","0"
"1920","77.664","-13.0603","0"
"1921","77.664","-13.5626","0"
"1922","77.664","-14.065","0"
"1923","77.664","-14.5673","0"
"1924","77.664","-15.0696","0"
"1925","77.664","-15.5719","0"
"1926","77.664","-16.0742","0"
"1927","77.664","-16.5766","0"
"1928","77.664","-17.0789","0"
"1929","77.664","-17.5812","0"
"1930","77.664","-18.0835","0"
"1931","77.664","-18.5858","0"
"1932","77.664","-19.0882","0"
"1933","77.664","-19.5905","0"
"1934","77.664","-20.0928","0"
"1935","77.664","-20.5951","0"
"1936","77.664","-21.0975","0"
"1937","77.664","-21.5998","0"
"1938","77.664","-22.1021","0"
"1939","77.664","-22.6044","0"
"1940","77.664","-23.1067","0"
"1941","77.664","-23.6091","0"
"1942","77.664","-24.1114","0"
"1943","77.664","-24.6137","0"
"1944","77.664","-25.116","0"
"1945","77.664","-25.6183","0"
"1946","77.664","-26.1207","0"
"1947","77.664","-26.623","0"
"1948","77.664","-27.1253","0"
"1949","77.664","-27.6276","0"
"1950","77.664","-28.1299","0"
"1951","77.664","-28.6323","0"
"1952","77.664","-29.1346","0"
"1953","77.664","-29.6369","0"
"1954","77.664","-30.1392","0"
"1955","77.664","-30.6415","0"
"1956","77.664","-31.1439","0"
"1957","77.664","-31.6462","0"
"1958","77.664","-32.1485","0"
"1959","77.664","-32.6508","0"
"1960","77.664","-33.1531","0"
"1961","77.664","-33.6555","0"
"1962","77.664","-34.1578","0"
"1963","77.664","-34.6601","0"
"1964","77.664","-35.1624","0"
"1965","77.664","-35.6647","0"
"1966","77.664","-36.1671","0"
"1967","77.664","-36.6694","0"
"1968","77.664","-37.1717","0"
"1969","77.664","-37.674","0"
"1970","77.664","-38.1763","0"
"1971","77.664","-38.1763","0"
"1972","77.664","-37.674","0"
"1973","77.664","-37.1717","0"
"1974","77.664","-36.6694","0"
"1975","77.664","-36.1671","0"
"1976","77.664","-35.6647","0"
"1977","77.664","-35.1624","0"
"1978","77.664","-34.6601","0"
"1979","77.664","-34.1578","0"
"1980","77.664","-33.6555","0"
"1981","77.664","-33.1531","0"
"1982","77.664","-32.6508","0"
"1983","77.664","-32.1485","0"
"1984","77.664","-31.6462","0"
"1985","77.664","-31.1439","0"
"1986","77.664","-30.6415","0"
"1987","77.664","-30.1392","0"
"1988","77.664","-29.6369","0"
"1989","77.664","-29.1346","0"
"1990","77.664","-28.6323","0"
"1991","77.664","-28.1299","0"
"1992","77.664","-27.6276","0"
"1993","77.664","-27.1253","0"
"1994","77.664","-26.623","0"
"1995","77.664","-26.1207","0"
"1996","77.664","-25.6183","0"
"1997","77.664","-25.116","0"
"1998","77.664","-24.6137","0"
"1999","77.664","-24.1114","0"
"2000","77.664","-23.6091","0"
"2001","77.664","-23.1067","0"
"2002","77.664","-22.6044","0"
"2003","77.664","-22.1021","0"
"2004","77.664","-21.5998","0"
"2005","77.664","-21.0975","0"
"2006","77.664","-20.5951","0"
"2007","77.664","-20.0928","0"
"2008","77.664","-19.5905","0"
"2009","77.664","-19.0882","0"
"2010","77.664","-18.5858","0"
"2011","77.664","-18.0835","0"
"2012","77.664","-17.5812","0"
"2013","77.664","-17.0789","0"
"2014","77.664","-16.5766","0"
"2015","77.664","-16.0742","0"
"2016","77.664","-15.5719","0"
"2017","77.664","-15.0696","0"
"2018","77.664","-14.5673","0"
"2019","77.664","-14.065","0"
"2020","77.664","-13.5626","0"
"2021","77.664","-13.0603","0"
"2022","77.664","-12.558","0"
"2023","77.664","-12.0557","0"
"2024","77.664","-11.5534","0"
"2025","77.664","-11.051","0"
"2026","77.664","-10.5487","0"
"2027","77.664","-10.0464","0"
"2028","77.664","-9.5441","0"
"2029","77.664","-9.0418","0"
"2030","77.664","-8.5394","0"
"2031","77.664","-8.0371","0"
"2032","77.664","-7.5348","0"
"2033","77.664","-7.0325","0"
"2034","77.664","-6.5302","0"
"2035","77.664","-6.0278","0"
"2036","77.664","-5.5255","0"
"2037","77.664","-5.0232","0"
"2038","77.664","-4.5209","0"
"2039","77.664","-4.0186","0"
"2040","77.664","-3.5162","0"
"2041","77.664","-3.0139","0"
"2042","77.664","-2.5116","0"
"2043","77.664","-2.0093","0"
"2044","77.664","-1.507","0"
"2045","77.664","-1.0046","0"
"2046","77.664","-0.5023","0"
"2047","77.664","0","0"
"2048","132.8343","-22.8947","0"
"2049","132.8343","-23.3958","0"
"2050","132.8343","-23.8968","0"
"2051","132.8343","-24.3979","0"
"2052","132.8343","-24.8989","0"
"2053","132.8343","-25.4","0"
"2054","132.8343","-25.901","0"
"2055","132.8343","-26.4021","0"
"2056","132.8343","-26.9032","0"
"2057","132.8343","-27.4042","0"
"2058","132.8343","-27.9053","0"
"2059","132.8343","-28.4063","0"
"2060","132.8343","-28.9074","0"
"2061","132.8343","-29.4085","0"
"2062","132.8343","-29.9095","0"
"2063","132.8343","-30.4106","0"
"2064","132.8343","-30.9116","0"
"2065","132.8343","-31.4127","0"
"2066","132.8343","-31.9137","0"
"2067","132.8343","-32.4148","0"
"2068","132.8343","-32.9159","0"
"2069","132.8343","-33.4169","0"
"2070","132.8343","-33.918","0"
"2071","132.8343","-34.419","0"
"2072","132.8343","-34.9201","0"
"2073","132.8343","-35.4212","0"
"2074","132.8343","-35.9222","0"
"2075","132.8343","-36.4233","0"
"2076","132.8343","-36.9243","0"
"2077","132.8343","-37.4254","0"
"2078","132.8343","-37.9264","0"
"2079","132.8343","-38.4275","0"
"2080","132.8343","-37.9264","0"
"2081","132.8343","-37.4254","0"
"2082","132.8343","-36.9243","0"
"2083","132.8343","-36.4233","0"
"2084","132.8343","-35.9222","0"
"2085","132.8343","-35.4212","0"
"2086","132.8343","-34.9201","0"
"2087","132.8343","-34.419","0"
"2088","132.8343","-33.918","0"
"2089","132.8343","-33.4169","0"
"2090","132.8343","-32.9159","0"
"2091","132.8343","-32.4148","0"
"2092","132.8343","-31.9137","0"
"2093","132.8343","-31.4127","0"
"2094","132.8343","-30.9116","0"
"2095","132.8343","-30.4106","0"
"2096","132.8343","-29.9095","0"
"2097","132.8343","-29.4085","0"
"2098","132.8343","-28.9074","0"
"2099","132.8343","-28.4063","0"
"2100","132.8343","-27.9053","0"
"2101","132.8343","-27.4042","0"
"2102","132.8343","-26.9032","0"
"2103","132.8343","-26.4021","0"
"2104","132.8343","-25.901","0"
"2105","132.8343","-25.4","0"
"2106","132.8343","-24.8989","0"
"2107","132.8343","-24.3979","0"
"2108","132.8343","-23.8968","0"
"2109","132.8343","-23.3958","0"
"2110","132.8343","-22.8947","0"
"2111","-68.5223","-48.9445","0"
"2112","-69.0258","-49.026","0"
"2113","-69.4478","-49.3071","0"
"2114","-69.6933","-49.751","0"
"2115","-69.7266","-50.2596","0"
"2116","-69.5878","-50.7502","0"
"2117","-69.2657","-51.1437","0"
"2118","-68.8","-51.3461","0"
"2119","-68.2903","-51.3491","0"
"2120","-67.8271","-51.1398","0"
"2121","-67.4845","-50.7635","0"
"2122","-67.3224","-50.2812","0"
"2123","-67.3499","-49.7729","0"
"2124","-67.6047","-49.3345","0"
"2125","-68.0232","-49.0445","0"
"2126","-68.5223","-48.9445","0"
"2127","77.9876","-48.9445","0"
"2128","77.4841","-49.026","0"
"2129","77.0621","-49.3071","0"
"2130","76.8166","-49.751","0"
"2131","76.7833","-50.2596","0"
"2132","76.9221","-50.7502","0"
"2133","77.2442","-51.1437","0"
"2134","77.7099","-51.3461","0"
"2135","78.2196","-51.3491","0"
"2136","78.6828","-51.1398","0"
"2137","79.0254","-50.7635","0"
"2138","79.1875","-50.2812","0"
"2139","79.16","-49.7729","0"
"2140","78.9052","-49.3345","0"
"2141","78.4867","-49.0445","0"
"2142","77.9876","-48.9445","0"
"2143","105.2509","0.7281","0"
"2144","104.7496","0.7049","0"
"2145","104.2483","0.6817","0"
"2146","103.747","0.6586","0"
"2147","103.2457","0.6354","0"
"2148","102.7474","0.5804","0"
"2149","102.2506","0.5099","0"
"2150","101.7537","0.4394","0"
"2151","101.2569","0.3689","0"
"2152","100.7683","0.2548","0"
"2153","100.2801","0.1388","0"
"2154","99.7918","0.0228","0"
"2155","99.3135","-0.1277","0"
"2156","98.8381","-0.2883","0"
"2157","98.3626","-0.4489","0"
"2158","97.8983","-0.6381","0"
"2159","97.4394","-0.841","0"
"2160","96.9807","-1.0445","0"
"2161","96.5426","-1.2892","0"
"2162","96.1045","-1.5339","0"
"2163","95.6663","-1.7786","0"
"2164","95.254","-2.0646","0"
"2165","94.8417","-2.3508","0"
"2166","94.4298","-2.6373","0"
"2167","94.0471","-2.9619","0"
"2168","93.6644","-3.2865","0"
"2169","93.2837","-3.6132","0"
"2170","92.9346","-3.9738","0"
"2171","92.5855","-4.3343","0"
"2172","92.2407","-4.6985","0"
"2173","91.9284","-5.0913","0"
"2174","91.616","-5.4841","0"
"2175","91.3095","-5.881","0"
"2176","91.036","-6.3017","0"
"2177","90.7624","-6.7225","0"
"2178","90.4932","-7.1457","0"
"2179","90.2517","-7.5857","0"
"2180","90.0155","-8.0283","0"
"2181","89.7987","-8.4809","0"
"2182","89.5923","-8.9379","0"
"2183","89.416","-9.4077","0"
"2184","89.2398","-9.8776","0"
"2185","89.0636","-10.3474","0"
"2186","88.8873","-10.8173","0"
"2187","88.7455","-11.2982","0"
"2188","88.6146","-11.7827","0"
"2189","88.4836","-12.2671","0"
"2190","88.3527","-12.7516","0"
"2191","88.231","-13.2381","0"
"2192","88.1449","-13.7324","0"
"2193","88.0588","-14.2268","0"
"2194","87.9728","-14.7212","0"
"2195","87.8867","-15.2156","0"
"2196","87.8215","-15.7128","0"
"2197","87.7729","-16.2123","0"
"2198","87.7244","-16.7118","0"
"2199","87.6787","-17.2114","0"
"2200","87.6624","-17.713","0"
"2201","87.646","-18.2145","0"
"2202","87.6296","-18.7161","0"
"2203","87.6166","-19.2176","0"
"2204","87.6383","-19.719","0"
"2205","87.6599","-20.2203","0"
"2206","87.6816","-20.7217","0"
"2207","87.7033","-21.2231","0"
"2208","87.7249","-21.7244","0"
"2209","87.7791","-22.2229","0"
"2210","87.8466","-22.7201","0"
"2211","87.9141","-23.2174","0"
"2212","87.9816","-23.7147","0"
"2213","88.049","-24.2119","0"
"2214","88.1411","-24.7047","0"
"2215","88.255","-25.1934","0"
"2216","88.3688","-25.6822","0"
"2217","88.4826","-26.1709","0"
"2218","88.5965","-26.6596","0"
"2219","88.7445","-27.139","0"
"2220","88.8955","-27.6176","0"
"2221","89.0475","-28.0958","0"
"2222","89.2297","-28.5634","0"
"2223","89.4119","-29.031","0"
"2224","89.594","-29.4986","0"
"2225","89.8082","-29.952","0"
"2226","90.0324","-30.4009","0"
"2227","90.2565","-30.8499","0"
"2228","90.5064","-31.2846","0"
"2229","90.7701","-31.7116","0"
"2230","91.0337","-32.1385","0"
"2231","91.3216","-32.549","0"
"2232","91.6243","-32.9492","0"
"2233","91.9271","-33.3494","0"
"2234","92.2539","-33.7295","0"
"2235","92.594","-34.0985","0"
"2236","92.9342","-34.4674","0"
"2237","93.2983","-34.812","0"
"2238","93.6729","-35.1459","0"
"2239","94.0476","-35.4797","0"
"2240","94.4411","-35.7907","0"
"2241","94.8409","-36.0939","0"
"2242","95.2564","-36.3752","0"
"2243","95.6741","-36.6533","0"
"2244","96.1107","-36.9007","0"
"2245","96.5472","-37.1482","0"
"2246","96.9919","-37.3796","0"
"2247","97.4496","-37.5854","0"
"2248","97.9073","-37.7911","0"
"2249","98.3711","-37.9815","0"
"2250","98.8465","-38.142","0"
"2251","99.322","-38.3026","0"
"2252","99.8005","-38.4524","0"
"2253","100.2887","-38.5684","0"
"2254","100.777","-38.6843","0"
"2255","101.2657","-38.7976","0"
"2256","101.7626","-38.8681","0"
"2257","102.2594","-38.9387","0"
"2258","102.7563","-39.0092","0"
"2259","103.2546","-39.0633","0"
"2260","103.7559","-39.0865","0"
"2261","104.2572","-39.1097","0"
"2262","104.7585","-39.1328","0"
"2263","105.2598","-39.1552","0"
"2264","105.7611","-39.132","0"
"2265","106.2624","-39.1088","0"
"2266","106.7637","-39.0857","0"
"2267","107.265","-39.0625","0"
"2268","107.7632","-39.0067","0"
"2269","108.26","-38.9362","0"
"2270","108.7569","-38.8656","0"
"2271","109.2537","-38.7951","0"
"2272","109.7422","-38.6802","0"
"2273","110.2304","-38.5642","0"
"2274","110.7186","-38.4483","0"
"2275","111.1967","-38.2969","0"
"2276","111.6722","-38.1363","0"
"2277","112.1476","-37.9758","0"
"2278","112.6116","-37.7858","0"
"2279","113.0706","-37.5828","0"
"2280","113.5289","-37.3787","0"
"2281","113.967","-37.1339","0"
"2282","114.4051","-36.8892","0"
"2283","114.8429","-36.644","0"
"2284","115.2551","-36.3578","0"
"2285","115.6674","-36.0717","0"
"2286","116.0788","-35.7844","0"
"2287","116.4615","-35.4598","0"
"2288","116.8442","-35.1352","0"
"2289","117.2243","-34.8079","0"
"2290","117.5734","-34.4473","0"
"2291","117.9225","-34.0868","0"
"2292","118.2667","-33.722","0"
"2293","118.579","-33.3292","0"
"2294","118.8913","-32.9364","0"
"2295","119.1972","-32.539","0"
"2296","119.4707","-32.1183","0"
"2297","119.7443","-31.6976","0"
"2298","120.0129","-31.2739","0"
"2299","120.2544","-30.834","0"
"2300","120.4901","-30.3912","0"
"2301","120.7069","-29.9386","0"
"2302","120.9162","-29.4827","0"
"2303","121.1054","-29.0179","0"
"2304","121.2946","-28.5531","0"
"2305","121.4838","-28.0883","0"
"2306","121.6385","-27.6113","0"
"2307","121.783","-27.1308","0"
"2308","121.9274","-26.6502","0"
"2309","122.0719","-26.1696","0"
"2310","122.1833","-25.6807","0"
"2311","122.2831","-25.1889","0"
"2312","122.3829","-24.6971","0"
"2313","122.4827","-24.2053","0"
"2314","122.5608","-23.71","0"
"2315","122.6192","-23.2116","0"
"2316","122.6776","-22.7132","0"
"2317","122.736","-22.2148","0"
"2318","122.7909","-21.7161","0"
"2319","122.8099","-21.2146","0"
"2320","122.8288","-20.7132","0"
"2321","122.8478","-20.2117","0"
"2322","122.8668","-19.7103","0"
"2323","122.8858","-19.2088","0"
"2324","122.8659","-18.7075","0"
"2325","122.8431","-18.2062","0"
"2326","122.8203","-17.7049","0"
"2327","122.7974","-17.2036","0"
"2328","122.7746","-16.7022","0"
"2329","122.7518","-16.2009","0"
"2330","122.6857","-15.7036","0"
"2331","122.6166","-15.2066","0"
"2332","122.5476","-14.7095","0"
"2333","122.4785","-14.2125","0"
"2334","122.402","-13.7168","0"
"2335","122.2884","-13.228","0"
"2336","122.1749","-12.7392","0"
"2337","122.0613","-12.2504","0"
"2338","121.9462","-11.762","0"
"2339","121.7919","-11.2845","0"
"2340","121.6376","-10.807","0"
"2341","121.4833","-10.3295","0"
"2342","121.2971","-9.8637","0"
"2343","121.1053","-9.4","0"
"2344","120.9135","-8.9362","0"
"2345","120.6976","-8.4835","0"
"2346","120.4734","-8.0345","0"
"2347","120.2492","-7.5856","0"
"2348","120.0001","-7.1505","0"
"2349","119.7364","-6.7235","0"
"2350","119.4727","-6.2966","0"
"2351","119.1856","-5.8857","0"
"2352","118.8828","-5.4855","0"
"2353","118.5801","-5.0852","0"
"2354","118.254","-4.7046","0"
"2355","117.9138","-4.3356","0"
"2356","117.5737","-3.9666","0"
"2357","117.2102","-3.6214","0"
"2358","116.8355","-3.2876","0"
"2359","116.4609","-2.9537","0"
"2360","116.0678","-2.6422","0"
"2361","115.668","-2.339","0"
"2362","115.2528","-2.0572","0"
"2363","114.8355","-1.7786","0"
"2364","114.3989","-1.5312","0"
"2365","113.9623","-1.2837","0"
"2366","113.518","-1.0515","0"
"2367","113.0603","-0.8458","0"
"2368","112.6026","-0.64","0"
"2369","112.1392","-0.4489","0"
"2370","111.6637","-0.2883","0"
"2371","111.1883","-0.1277","0"
"2372","110.71","0.0228","0"
"2373","110.2217","0.1388","0"
"2374","109.7335","0.2548","0"
"2375","109.2449","0.3689","0"
"2376","108.7481","0.4394","0"
"2377","108.2512","0.5099","0"
"2378","107.7544","0.5804","0"
"2379","107.2561","0.6354","0"
"2380","106.7548","0.6586","0"
"2381","106.2535","0.6817","0"
"2382","105.7522","0.7049","0"
"2383","105.2509","0.7281","0"
